time_tag,satellite,flux,energy
2024-08-13T00:00:00Z,16,4.0,>=2 MeV
2024-08-13T00:05:00Z,16,31.67131805,>=2 MeV
2024-08-13T00:10:00Z,16,4.0,>=2 MeV
2024-08-13T00:15:00Z,16,4.0,>=2 MeV
2024-08-13T00:20:00Z,16,25.54386139,>=2 MeV
2024-08-13T00:25:00Z,16,32.10756683,>=2 MeV
2024-08-13T00:30:00Z,16,4.0,>=2 MeV
2024-08-13T00:35:00Z,16,5.39910078,>=2 MeV
2024-08-13T00:40:00Z,16,4.0,>=2 MeV
2024-08-13T00:45:00Z,16,8.719453812,>=2 MeV
2024-08-13T00:50:00Z,16,4.0,>=2 MeV
2024-08-13T00:55:00Z,16,4.0,>=2 MeV
2024-08-13T01:00:00Z,16,4.0,>=2 MeV
2024-08-13T01:05:00Z,16,4.0,>=2 MeV
2024-08-13T01:10:00Z,16,4.0,>=2 MeV
2024-08-13T01:15:00Z,16,14.39181614,>=2 MeV
2024-08-13T01:20:00Z,16,4.0,>=2 MeV
2024-08-13T01:25:00Z,16,4.0,>=2 MeV
2024-08-13T01:30:00Z,16,4.0,>=2 MeV
2024-08-13T01:35:00Z,16,4.0,>=2 MeV
2024-08-13T01:40:00Z,16,4.0,>=2 MeV
2024-08-13T01:45:00Z,16,4.0,>=2 MeV
2024-08-13T01:50:00Z,16,4.0,>=2 MeV
2024-08-13T01:55:00Z,16,4.0,>=2 MeV
2024-08-13T02:00:00Z,16,9.731220245,>=2 MeV
2024-08-13T02:05:00Z,16,9.412724495,>=2 MeV
2024-08-13T02:10:00Z,16,4.0,>=2 MeV
2024-08-13T02:15:00Z,16,4.0,>=2 MeV
2024-08-13T02:20:00Z,16,4.0,>=2 MeV
2024-08-13T02:25:00Z,16,4.0,>=2 MeV
2024-08-13T02:30:00Z,16,33.76448441,>=2 MeV
2024-08-13T02:35:00Z,16,24.9437027,>=2 MeV
2024-08-13T02:40:00Z,16,13.4225626,>=2 MeV
2024-08-13T02:45:00Z,16,64.8383255,>=2 MeV
2024-08-13T02:50:00Z,16,4.0,>=2 MeV
2024-08-13T02:55:00Z,16,4.0,>=2 MeV
2024-08-13T03:00:00Z,16,49.06170654,>=2 MeV
2024-08-13T03:05:00Z,16,33.42763138,>=2 MeV
2024-08-13T03:10:00Z,16,4.0,>=2 MeV
2024-08-13T03:15:00Z,16,4.0,>=2 MeV
2024-08-13T03:20:00Z,16,55.68038559,>=2 MeV
2024-08-13T03:25:00Z,16,76.149086,>=2 MeV
2024-08-13T03:30:00Z,16,4.0,>=2 MeV
2024-08-13T03:35:00Z,16,4.0,>=2 MeV
2024-08-13T03:40:00Z,16,4.0,>=2 MeV
2024-08-13T03:45:00Z,16,4.0,>=2 MeV
2024-08-13T03:50:00Z,16,4.0,>=2 MeV
2024-08-13T03:55:00Z,16,4.0,>=2 MeV
2024-08-13T04:00:00Z,16,57.50472641,>=2 MeV
2024-08-13T04:05:00Z,16,15.50985146,>=2 MeV
2024-08-13T04:10:00Z,16,4.0,>=2 MeV
2024-08-13T04:15:00Z,16,4.0,>=2 MeV
2024-08-13T04:20:00Z,16,4.0,>=2 MeV
2024-08-13T04:25:00Z,16,4.0,>=2 MeV
2024-08-13T04:30:00Z,16,4.0,>=2 MeV
2024-08-13T04:35:00Z,16,4.0,>=2 MeV
2024-08-13T04:40:00Z,16,4.0,>=2 MeV
2024-08-13T04:45:00Z,16,4.0,>=2 MeV
2024-08-13T04:50:00Z,16,44.5125885,>=2 MeV
2024-08-13T04:55:00Z,16,4.0,>=2 MeV
2024-08-13T05:00:00Z,16,24.5970974,>=2 MeV
2024-08-13T05:05:00Z,16,4.0,>=2 MeV
2024-08-13T05:10:00Z,16,9.042023659,>=2 MeV
2024-08-13T05:15:00Z,16,4.0,>=2 MeV
2024-08-13T05:20:00Z,16,4.0,>=2 MeV
2024-08-13T05:25:00Z,16,23.75702286,>=2 MeV
2024-08-13T05:30:00Z,16,4.0,>=2 MeV
2024-08-13T05:35:00Z,16,4.0,>=2 MeV
2024-08-13T05:40:00Z,16,4.0,>=2 MeV
2024-08-13T05:45:00Z,16,4.0,>=2 MeV
2024-08-13T05:50:00Z,16,4.0,>=2 MeV
2024-08-13T05:55:00Z,16,4.0,>=2 MeV
2024-08-13T06:00:00Z,16,4.0,>=2 MeV
2024-08-13T06:05:00Z,16,4.0,>=2 MeV
2024-08-13T06:10:00Z,16,4.0,>=2 MeV
2024-08-13T06:15:00Z,16,27.39603233,>=2 MeV
2024-08-13T06:20:00Z,16,10.42475891,>=2 MeV
2024-08-13T06:25:00Z,16,4.0,>=2 MeV
2024-08-13T06:30:00Z,16,4.0,>=2 MeV
2024-08-13T06:35:00Z,16,50.42832184,>=2 MeV
2024-08-13T06:40:00Z,16,4.0,>=2 MeV
2024-08-13T06:45:00Z,16,4.0,>=2 MeV
2024-08-13T06:50:00Z,16,4.0,>=2 MeV
2024-08-13T06:55:00Z,16,4.0,>=2 MeV
2024-08-13T07:00:00Z,16,4.0,>=2 MeV
2024-08-13T07:05:00Z,16,4.0,>=2 MeV
2024-08-13T07:10:00Z,16,4.0,>=2 MeV
2024-08-13T07:15:00Z,16,4.0,>=2 MeV
2024-08-13T07:20:00Z,16,4.0,>=2 MeV
2024-08-13T07:25:00Z,16,4.0,>=2 MeV
2024-08-13T07:30:00Z,16,4.0,>=2 MeV
2024-08-13T07:35:00Z,16,4.0,>=2 MeV
2024-08-13T07:40:00Z,16,4.0,>=2 MeV
2024-08-13T07:45:00Z,16,4.0,>=2 MeV
2024-08-13T07:50:00Z,16,4.0,>=2 MeV
2024-08-13T07:55:00Z,16,4.0,>=2 MeV
2024-08-13T08:00:00Z,16,38.85582733,>=2 MeV
2024-08-13T08:05:00Z,16,4.0,>=2 MeV
2024-08-13T08:10:00Z,16,41.21665955,>=2 MeV
2024-08-13T08:15:00Z,16,4.0,>=2 MeV
2024-08-13T08:20:00Z,16,12.86858749,>=2 MeV
2024-08-13T08:25:00Z,16,41.14945984,>=2 MeV
2024-08-13T08:30:00Z,16,4.0,>=2 MeV
2024-08-13T08:35:00Z,16,4.0,>=2 MeV
2024-08-13T08:40:00Z,16,4.0,>=2 MeV
2024-08-13T08:45:00Z,16,4.0,>=2 MeV
2024-08-13T08:50:00Z,16,4.0,>=2 MeV
2024-08-13T08:55:00Z,16,4.0,>=2 MeV
2024-08-13T09:00:00Z,16,31.87338066,>=2 MeV
2024-08-13T09:05:00Z,16,4.0,>=2 MeV
2024-08-13T09:10:00Z,16,4.0,>=2 MeV
2024-08-13T09:15:00Z,16,4.0,>=2 MeV
2024-08-13T09:20:00Z,16,4.0,>=2 MeV
2024-08-13T09:25:00Z,16,16.66286469,>=2 MeV
2024-08-13T09:30:00Z,16,4.0,>=2 MeV
2024-08-13T09:35:00Z,16,4.0,>=2 MeV
2024-08-13T09:40:00Z,16,52.1841011,>=2 MeV
2024-08-13T09:45:00Z,16,4.0,>=2 MeV
2024-08-13T09:50:00Z,16,4.0,>=2 MeV
2024-08-13T09:55:00Z,16,4.0,>=2 MeV
2024-08-13T10:00:00Z,16,4.0,>=2 MeV
2024-08-13T10:05:00Z,16,4.0,>=2 MeV
2024-08-13T10:10:00Z,16,4.0,>=2 MeV
2024-08-13T10:15:00Z,16,4.0,>=2 MeV
2024-08-13T10:20:00Z,16,4.0,>=2 MeV
2024-08-13T10:25:00Z,16,4.0,>=2 MeV
2024-08-13T10:30:00Z,16,7.147505283,>=2 MeV
2024-08-13T10:35:00Z,16,4.0,>=2 MeV
2024-08-13T10:40:00Z,16,47.40802002,>=2 MeV
2024-08-13T10:45:00Z,16,4.0,>=2 MeV
2024-08-13T10:50:00Z,16,4.0,>=2 MeV
2024-08-13T10:55:00Z,16,12.25177097,>=2 MeV
2024-08-13T11:00:00Z,16,14.71349621,>=2 MeV
2024-08-13T11:05:00Z,16,4.0,>=2 MeV
2024-08-13T11:10:00Z,16,4.0,>=2 MeV
2024-08-13T11:15:00Z,16,4.0,>=2 MeV
2024-08-13T11:20:00Z,16,4.0,>=2 MeV
2024-08-13T11:25:00Z,16,4.0,>=2 MeV
2024-08-13T11:30:00Z,16,58.93672562,>=2 MeV
2024-08-13T11:35:00Z,16,25.2927227,>=2 MeV
2024-08-13T11:40:00Z,16,15.11326408,>=2 MeV
2024-08-13T11:45:00Z,16,67.82296753,>=2 MeV
2024-08-13T11:50:00Z,16,4.0,>=2 MeV
2024-08-13T11:55:00Z,16,14.55632401,>=2 MeV
2024-08-13T12:00:00Z,16,4.0,>=2 MeV
2024-08-13T12:05:00Z,16,4.0,>=2 MeV
2024-08-13T12:10:00Z,16,25.23388863,>=2 MeV
2024-08-13T12:15:00Z,16,4.0,>=2 MeV
2024-08-13T12:20:00Z,16,4.0,>=2 MeV
2024-08-13T12:25:00Z,16,4.0,>=2 MeV
2024-08-13T12:30:00Z,16,4.0,>=2 MeV
2024-08-13T12:35:00Z,16,4.0,>=2 MeV
2024-08-13T12:40:00Z,16,4.0,>=2 MeV
2024-08-13T12:45:00Z,16,45.59648132,>=2 MeV
2024-08-13T12:50:00Z,16,4.0,>=2 MeV
2024-08-13T12:55:00Z,16,4.0,>=2 MeV
2024-08-13T13:00:00Z,16,4.0,>=2 MeV
2024-08-13T13:05:00Z,16,4.0,>=2 MeV
2024-08-13T13:10:00Z,16,4.0,>=2 MeV
2024-08-13T13:15:00Z,16,4.0,>=2 MeV
2024-08-13T13:20:00Z,16,4.0,>=2 MeV
2024-08-13T13:25:00Z,16,4.0,>=2 MeV
2024-08-13T13:30:00Z,16,4.0,>=2 MeV
2024-08-13T13:35:00Z,16,4.0,>=2 MeV
2024-08-13T13:40:00Z,16,4.0,>=2 MeV
2024-08-13T13:45:00Z,16,4.0,>=2 MeV
2024-08-13T13:50:00Z,16,4.0,>=2 MeV
2024-08-13T13:55:00Z,16,4.0,>=2 MeV
2024-08-13T14:00:00Z,16,4.0,>=2 MeV
2024-08-13T14:05:00Z,16,4.0,>=2 MeV
2024-08-13T14:10:00Z,16,4.0,>=2 MeV
2024-08-13T14:15:00Z,16,4.0,>=2 MeV
2024-08-13T14:20:00Z,16,27.74948883,>=2 MeV
2024-08-13T14:25:00Z,16,4.0,>=2 MeV
2024-08-13T14:30:00Z,16,4.0,>=2 MeV
2024-08-13T14:35:00Z,16,34.70037079,>=2 MeV
2024-08-13T14:40:00Z,16,4.0,>=2 MeV
2024-08-13T14:45:00Z,16,4.0,>=2 MeV
2024-08-13T14:50:00Z,16,4.0,>=2 MeV
2024-08-13T14:55:00Z,16,4.0,>=2 MeV
2024-08-13T15:00:00Z,16,4.0,>=2 MeV
2024-08-13T15:05:00Z,16,4.0,>=2 MeV
2024-08-13T15:10:00Z,16,4.0,>=2 MeV
2024-08-13T15:15:00Z,16,4.0,>=2 MeV
2024-08-13T15:20:00Z,16,4.0,>=2 MeV
2024-08-13T15:25:00Z,16,4.0,>=2 MeV
2024-08-13T15:30:00Z,16,4.0,>=2 MeV
2024-08-13T15:35:00Z,16,17.69397545,>=2 MeV
2024-08-13T15:40:00Z,16,4.0,>=2 MeV
2024-08-13T15:45:00Z,16,4.0,>=2 MeV
2024-08-13T15:50:00Z,16,5.988035679,>=2 MeV
2024-08-13T15:55:00Z,16,4.0,>=2 MeV
2024-08-13T16:00:00Z,16,10.44081402,>=2 MeV
2024-08-13T16:05:00Z,16,37.00084305,>=2 MeV
2024-08-13T16:10:00Z,16,37.51538467,>=2 MeV
2024-08-13T16:15:00Z,16,4.0,>=2 MeV
2024-08-13T16:20:00Z,16,41.20659637,>=2 MeV
2024-08-13T16:25:00Z,16,4.0,>=2 MeV
2024-08-13T16:30:00Z,16,4.0,>=2 MeV
2024-08-13T16:35:00Z,16,4.0,>=2 MeV
2024-08-13T16:40:00Z,16,4.0,>=2 MeV
2024-08-13T16:45:00Z,16,8.137433052,>=2 MeV
2024-08-13T16:50:00Z,16,20.49249649,>=2 MeV
2024-08-13T16:55:00Z,16,26.05299377,>=2 MeV
2024-08-13T17:00:00Z,16,4.0,>=2 MeV
2024-08-13T17:05:00Z,16,4.0,>=2 MeV
2024-08-13T17:10:00Z,16,4.0,>=2 MeV
2024-08-13T17:15:00Z,16,4.0,>=2 MeV
2024-08-13T17:20:00Z,16,119.4958344,>=2 MeV
2024-08-13T17:25:00Z,16,4.0,>=2 MeV
2024-08-13T17:30:00Z,16,4.0,>=2 MeV
2024-08-13T17:35:00Z,16,4.0,>=2 MeV
2024-08-13T17:40:00Z,16,4.0,>=2 MeV
2024-08-13T17:45:00Z,16,4.0,>=2 MeV
2024-08-13T17:50:00Z,16,5.333990097,>=2 MeV
2024-08-13T17:55:00Z,16,4.0,>=2 MeV
2024-08-13T18:00:00Z,16,4.0,>=2 MeV
2024-08-13T18:05:00Z,16,63.46293259,>=2 MeV
2024-08-13T18:10:00Z,16,4.0,>=2 MeV
2024-08-13T18:15:00Z,16,4.0,>=2 MeV
2024-08-13T18:20:00Z,16,4.0,>=2 MeV
2024-08-13T18:25:00Z,16,4.0,>=2 MeV
2024-08-13T18:30:00Z,16,10.21262074,>=2 MeV
2024-08-13T18:35:00Z,16,4.0,>=2 MeV
2024-08-13T18:40:00Z,16,4.0,>=2 MeV
2024-08-13T18:45:00Z,16,4.0,>=2 MeV
2024-08-13T18:50:00Z,16,67.23505402,>=2 MeV
2024-08-13T18:55:00Z,16,4.0,>=2 MeV
2024-08-13T19:00:00Z,16,4.0,>=2 MeV
2024-08-13T19:05:00Z,16,4.0,>=2 MeV
2024-08-13T19:10:00Z,16,4.0,>=2 MeV
2024-08-13T19:15:00Z,16,4.0,>=2 MeV
2024-08-13T19:20:00Z,16,4.0,>=2 MeV
2024-08-13T19:25:00Z,16,4.0,>=2 MeV
2024-08-13T19:30:00Z,16,4.0,>=2 MeV
2024-08-13T19:35:00Z,16,34.70323944,>=2 MeV
2024-08-13T19:40:00Z,16,5.125653267,>=2 MeV
2024-08-13T19:45:00Z,16,25.48999786,>=2 MeV
2024-08-13T19:50:00Z,16,4.0,>=2 MeV
2024-08-13T19:55:00Z,16,7.241152287,>=2 MeV
2024-08-13T20:00:00Z,16,4.0,>=2 MeV
2024-08-13T20:05:00Z,16,4.0,>=2 MeV
2024-08-13T20:10:00Z,16,4.0,>=2 MeV
2024-08-13T20:15:00Z,16,4.0,>=2 MeV
2024-08-13T20:20:00Z,16,36.83548355,>=2 MeV
2024-08-13T20:25:00Z,16,7.317725658,>=2 MeV
2024-08-13T20:30:00Z,16,4.0,>=2 MeV
2024-08-13T20:35:00Z,16,4.0,>=2 MeV
2024-08-13T20:40:00Z,16,4.0,>=2 MeV
2024-08-13T20:45:00Z,16,18.24973106,>=2 MeV
2024-08-13T20:50:00Z,16,4.0,>=2 MeV
2024-08-13T20:55:00Z,16,4.0,>=2 MeV
2024-08-13T21:00:00Z,16,4.0,>=2 MeV
2024-08-13T21:05:00Z,16,14.35566711,>=2 MeV
2024-08-13T21:10:00Z,16,29.47628021,>=2 MeV
2024-08-13T21:15:00Z,16,4.0,>=2 MeV
2024-08-13T21:20:00Z,16,54.61128235,>=2 MeV
2024-08-13T21:25:00Z,16,4.0,>=2 MeV
2024-08-13T21:30:00Z,16,4.0,>=2 MeV
2024-08-13T21:35:00Z,16,9.910492897,>=2 MeV
2024-08-13T21:40:00Z,16,7.723394871,>=2 MeV
2024-08-13T21:45:00Z,16,4.0,>=2 MeV
2024-08-13T21:50:00Z,16,4.0,>=2 MeV
2024-08-13T21:55:00Z,16,4.0,>=2 MeV
2024-08-13T22:00:00Z,16,24.23779678,>=2 MeV
2024-08-13T22:05:00Z,16,13.42294598,>=2 MeV
2024-08-13T22:10:00Z,16,45.40437317,>=2 MeV
2024-08-13T22:15:00Z,16,4.778684139,>=2 MeV
2024-08-13T22:20:00Z,16,4.0,>=2 MeV
2024-08-13T22:25:00Z,16,15.86085415,>=2 MeV
2024-08-13T22:30:00Z,16,4.0,>=2 MeV
2024-08-13T22:35:00Z,16,4.0,>=2 MeV
2024-08-13T22:40:00Z,16,4.0,>=2 MeV
2024-08-13T22:45:00Z,16,71.95122528,>=2 MeV
2024-08-13T22:50:00Z,16,107.8758469,>=2 MeV
2024-08-13T22:55:00Z,16,5.267245293,>=2 MeV
2024-08-13T23:00:00Z,16,35.49545288,>=2 MeV
2024-08-13T23:05:00Z,16,66.93392181,>=2 MeV
2024-08-13T23:10:00Z,16,4.0,>=2 MeV
2024-08-13T23:15:00Z,16,4.0,>=2 MeV
2024-08-13T23:20:00Z,16,4.0,>=2 MeV
2024-08-13T23:25:00Z,16,4.0,>=2 MeV
2024-08-13T23:30:00Z,16,83.96007538,>=2 MeV
2024-08-13T23:35:00Z,16,4.0,>=2 MeV
2024-08-13T23:40:00Z,16,74.8813858,>=2 MeV
2024-08-13T23:45:00Z,16,4.0,>=2 MeV
2024-08-13T23:50:00Z,16,7.261093616,>=2 MeV
2024-08-13T23:55:00Z,16,41.2225647,>=2 MeV
2024-08-14T00:00:00Z,16,4.0,>=2 MeV
2024-08-14T00:05:00Z,16,4.0,>=2 MeV
2024-08-14T00:10:00Z,16,4.0,>=2 MeV
2024-08-14T00:15:00Z,16,4.0,>=2 MeV
2024-08-14T00:20:00Z,16,4.270689964,>=2 MeV
2024-08-14T00:25:00Z,16,4.0,>=2 MeV
2024-08-14T00:30:00Z,16,4.0,>=2 MeV
2024-08-14T00:35:00Z,16,78.96128845,>=2 MeV
2024-08-14T00:40:00Z,16,38.17327499,>=2 MeV
2024-08-14T00:45:00Z,16,4.0,>=2 MeV
2024-08-14T00:50:00Z,16,4.0,>=2 MeV
2024-08-14T00:55:00Z,16,4.798281193,>=2 MeV
2024-08-14T01:00:00Z,16,4.0,>=2 MeV
2024-08-14T01:05:00Z,16,8.889482498,>=2 MeV
2024-08-14T01:10:00Z,16,4.0,>=2 MeV
2024-08-14T01:15:00Z,16,4.0,>=2 MeV
2024-08-14T01:20:00Z,16,15.76517582,>=2 MeV
2024-08-14T01:25:00Z,16,4.0,>=2 MeV
2024-08-14T01:30:00Z,16,4.0,>=2 MeV
2024-08-14T01:35:00Z,16,4.0,>=2 MeV
2024-08-14T01:40:00Z,16,4.0,>=2 MeV
2024-08-14T01:45:00Z,16,11.62392426,>=2 MeV
2024-08-14T01:50:00Z,16,4.0,>=2 MeV
2024-08-14T01:55:00Z,16,80.70751953,>=2 MeV
2024-08-14T02:00:00Z,16,4.0,>=2 MeV
2024-08-14T02:05:00Z,16,55.08959579,>=2 MeV
2024-08-14T02:10:00Z,16,4.0,>=2 MeV
2024-08-14T02:15:00Z,16,4.0,>=2 MeV
2024-08-14T02:20:00Z,16,4.0,>=2 MeV
2024-08-14T02:25:00Z,16,16.28014755,>=2 MeV
2024-08-14T02:30:00Z,16,24.41541481,>=2 MeV
2024-08-14T02:35:00Z,16,90.58612061,>=2 MeV
2024-08-14T02:40:00Z,16,4.0,>=2 MeV
2024-08-14T02:45:00Z,16,4.0,>=2 MeV
2024-08-14T02:50:00Z,16,4.0,>=2 MeV
2024-08-14T02:55:00Z,16,18.03862572,>=2 MeV
2024-08-14T03:00:00Z,16,4.0,>=2 MeV
2024-08-14T03:05:00Z,16,49.23125458,>=2 MeV
2024-08-14T03:10:00Z,16,25.27379036,>=2 MeV
2024-08-14T03:15:00Z,16,4.0,>=2 MeV
2024-08-14T03:20:00Z,16,4.0,>=2 MeV
2024-08-14T03:25:00Z,16,4.0,>=2 MeV
2024-08-14T03:30:00Z,16,4.825891495,>=2 MeV
2024-08-14T03:35:00Z,16,4.0,>=2 MeV
2024-08-14T03:40:00Z,16,54.38898849,>=2 MeV
2024-08-14T03:45:00Z,16,30.18242645,>=2 MeV
2024-08-14T03:50:00Z,16,4.0,>=2 MeV
2024-08-14T03:55:00Z,16,51.52812576,>=2 MeV
2024-08-14T04:00:00Z,16,4.0,>=2 MeV
2024-08-14T04:05:00Z,16,4.0,>=2 MeV
2024-08-14T04:10:00Z,16,4.0,>=2 MeV
2024-08-14T04:15:00Z,16,4.0,>=2 MeV
2024-08-14T04:20:00Z,16,39.15327835,>=2 MeV
2024-08-14T04:25:00Z,16,48.17204285,>=2 MeV
2024-08-14T04:30:00Z,16,4.0,>=2 MeV
2024-08-14T04:35:00Z,16,4.0,>=2 MeV
2024-08-14T04:40:00Z,16,4.0,>=2 MeV
2024-08-14T04:45:00Z,16,46.13068008,>=2 MeV
2024-08-14T04:50:00Z,16,5.762523651,>=2 MeV
2024-08-14T04:55:00Z,16,4.0,>=2 MeV
2024-08-14T05:00:00Z,16,4.0,>=2 MeV
2024-08-14T05:05:00Z,16,47.57320023,>=2 MeV
2024-08-14T05:10:00Z,16,67.36701965,>=2 MeV
2024-08-14T05:15:00Z,16,43.60306931,>=2 MeV
2024-08-14T05:20:00Z,16,29.08179283,>=2 MeV
2024-08-14T05:25:00Z,16,7.466322422,>=2 MeV
2024-08-14T05:30:00Z,16,15.70769978,>=2 MeV
2024-08-14T05:35:00Z,16,38.11222458,>=2 MeV
2024-08-14T05:40:00Z,16,4.0,>=2 MeV
2024-08-14T05:45:00Z,16,95.93434906,>=2 MeV
2024-08-14T05:50:00Z,16,40.70275116,>=2 MeV
2024-08-14T05:55:00Z,16,86.91205597,>=2 MeV
2024-08-14T06:00:00Z,16,19.98358536,>=2 MeV
2024-08-14T06:05:00Z,16,4.0,>=2 MeV
2024-08-14T06:10:00Z,16,38.00510406,>=2 MeV
2024-08-14T06:15:00Z,16,28.90225601,>=2 MeV
2024-08-14T06:20:00Z,16,4.309240341,>=2 MeV
2024-08-14T06:25:00Z,16,77.72640991,>=2 MeV
2024-08-14T06:30:00Z,16,31.198946,>=2 MeV
2024-08-14T06:35:00Z,16,29.16264343,>=2 MeV
2024-08-14T06:40:00Z,16,75.81583405,>=2 MeV
2024-08-14T06:45:00Z,16,48.78944397,>=2 MeV
2024-08-14T06:50:00Z,16,6.272342205,>=2 MeV
2024-08-14T06:55:00Z,16,26.18052864,>=2 MeV
2024-08-14T07:00:00Z,16,4.0,>=2 MeV
2024-08-14T07:05:00Z,16,35.56318665,>=2 MeV
2024-08-14T07:10:00Z,16,39.80119705,>=2 MeV
2024-08-14T07:15:00Z,16,30.91968727,>=2 MeV
2024-08-14T07:20:00Z,16,50.5474968,>=2 MeV
2024-08-14T07:25:00Z,16,19.84033585,>=2 MeV
2024-08-14T07:30:00Z,16,22.39666557,>=2 MeV
2024-08-14T07:35:00Z,16,4.0,>=2 MeV
2024-08-14T07:40:00Z,16,26.9300518,>=2 MeV
2024-08-14T07:45:00Z,16,35.16312408,>=2 MeV
2024-08-14T07:50:00Z,16,13.16873074,>=2 MeV
2024-08-14T07:55:00Z,16,22.70077705,>=2 MeV
2024-08-14T08:00:00Z,16,110.0682297,>=2 MeV
2024-08-14T08:05:00Z,16,73.86303711,>=2 MeV
2024-08-14T08:10:00Z,16,4.0,>=2 MeV
2024-08-14T08:15:00Z,16,4.0,>=2 MeV
2024-08-14T08:20:00Z,16,17.96866989,>=2 MeV
2024-08-14T08:25:00Z,16,20.53694344,>=2 MeV
2024-08-14T08:30:00Z,16,4.0,>=2 MeV
2024-08-14T08:35:00Z,16,4.0,>=2 MeV
2024-08-14T08:40:00Z,16,4.0,>=2 MeV
2024-08-14T08:45:00Z,16,4.0,>=2 MeV
2024-08-14T08:50:00Z,16,4.0,>=2 MeV
2024-08-14T08:55:00Z,16,17.63394165,>=2 MeV
2024-08-14T09:00:00Z,16,4.0,>=2 MeV
2024-08-14T09:05:00Z,16,26.01594925,>=2 MeV
2024-08-14T09:10:00Z,16,70.29319,>=2 MeV
2024-08-14T09:15:00Z,16,4.0,>=2 MeV
2024-08-14T09:20:00Z,16,35.36117554,>=2 MeV
2024-08-14T09:25:00Z,16,32.55581284,>=2 MeV
2024-08-14T09:30:00Z,16,4.0,>=2 MeV
2024-08-14T09:35:00Z,16,4.0,>=2 MeV
2024-08-14T09:40:00Z,16,4.0,>=2 MeV
2024-08-14T09:45:00Z,16,4.0,>=2 MeV
2024-08-14T09:50:00Z,16,4.0,>=2 MeV
2024-08-14T09:55:00Z,16,4.0,>=2 MeV
2024-08-14T10:00:00Z,16,6.40517664,>=2 MeV
2024-08-14T10:05:00Z,16,4.0,>=2 MeV
2024-08-14T10:10:00Z,16,4.0,>=2 MeV
2024-08-14T10:15:00Z,16,8.162325859,>=2 MeV
2024-08-14T10:20:00Z,16,4.0,>=2 MeV
2024-08-14T10:25:00Z,16,4.0,>=2 MeV
2024-08-14T10:30:00Z,16,66.54303741,>=2 MeV
2024-08-14T10:35:00Z,16,4.0,>=2 MeV
2024-08-14T10:40:00Z,16,4.0,>=2 MeV
2024-08-14T10:45:00Z,16,4.0,>=2 MeV
2024-08-14T10:50:00Z,16,4.0,>=2 MeV
2024-08-14T10:55:00Z,16,19.87966537,>=2 MeV
2024-08-14T11:00:00Z,16,56.10627365,>=2 MeV
2024-08-14T11:05:00Z,16,21.91750526,>=2 MeV
2024-08-14T11:10:00Z,16,15.2215929,>=2 MeV
2024-08-14T11:15:00Z,16,47.96577454,>=2 MeV
2024-08-14T11:20:00Z,16,4.0,>=2 MeV
2024-08-14T11:25:00Z,16,4.0,>=2 MeV
2024-08-14T11:30:00Z,16,4.0,>=2 MeV
2024-08-14T11:35:00Z,16,52.97504807,>=2 MeV
2024-08-14T11:40:00Z,16,4.0,>=2 MeV
2024-08-14T11:45:00Z,16,4.0,>=2 MeV
2024-08-14T11:50:00Z,16,4.0,>=2 MeV
2024-08-14T11:55:00Z,16,4.0,>=2 MeV
2024-08-14T12:00:00Z,16,31.15195847,>=2 MeV
2024-08-14T12:05:00Z,16,95.44461823,>=2 MeV
2024-08-14T12:10:00Z,16,4.0,>=2 MeV
2024-08-14T12:15:00Z,16,4.0,>=2 MeV
2024-08-14T12:20:00Z,16,4.0,>=2 MeV
2024-08-14T12:25:00Z,16,9.64447403,>=2 MeV
2024-08-14T12:30:00Z,16,4.0,>=2 MeV
2024-08-14T12:35:00Z,16,4.0,>=2 MeV
2024-08-14T12:40:00Z,16,147.2252045,>=2 MeV
2024-08-14T12:45:00Z,16,15.29689693,>=2 MeV
2024-08-14T12:50:00Z,16,23.58083153,>=2 MeV
2024-08-14T12:55:00Z,16,71.78135681,>=2 MeV
2024-08-14T13:00:00Z,16,4.0,>=2 MeV
2024-08-14T13:05:00Z,16,4.0,>=2 MeV
2024-08-14T13:10:00Z,16,41.91587448,>=2 MeV
2024-08-14T13:15:00Z,16,32.56417084,>=2 MeV
2024-08-14T13:20:00Z,16,28.6141758,>=2 MeV
2024-08-14T13:25:00Z,16,4.0,>=2 MeV
2024-08-14T13:30:00Z,16,81.94594574,>=2 MeV
2024-08-14T13:35:00Z,16,55.38161087,>=2 MeV
2024-08-14T13:40:00Z,16,33.02758026,>=2 MeV
2024-08-14T13:45:00Z,16,63.53654099,>=2 MeV
2024-08-14T13:50:00Z,16,48.15439224,>=2 MeV
2024-08-14T13:55:00Z,16,32.633461,>=2 MeV
2024-08-14T14:00:00Z,16,4.0,>=2 MeV
2024-08-14T14:05:00Z,16,4.0,>=2 MeV
2024-08-14T14:10:00Z,16,72.99047852,>=2 MeV
2024-08-14T14:15:00Z,16,52.46267319,>=2 MeV
2024-08-14T14:20:00Z,16,108.6137619,>=2 MeV
2024-08-14T14:25:00Z,16,41.24343872,>=2 MeV
2024-08-14T14:30:00Z,16,28.1832428,>=2 MeV
2024-08-14T14:35:00Z,16,4.0,>=2 MeV
2024-08-14T14:40:00Z,16,60.00606918,>=2 MeV
2024-08-14T14:45:00Z,16,4.0,>=2 MeV
2024-08-14T14:50:00Z,16,83.47509003,>=2 MeV
2024-08-14T14:55:00Z,16,104.3089447,>=2 MeV
2024-08-14T15:00:00Z,16,4.0,>=2 MeV
2024-08-14T15:05:00Z,16,34.67229462,>=2 MeV
2024-08-14T15:10:00Z,16,4.0,>=2 MeV
2024-08-14T15:15:00Z,16,78.96935272,>=2 MeV
2024-08-14T15:20:00Z,16,16.47602654,>=2 MeV
2024-08-14T15:25:00Z,16,52.5769043,>=2 MeV
2024-08-14T15:30:00Z,16,55.1991539,>=2 MeV
2024-08-14T15:35:00Z,16,4.0,>=2 MeV
2024-08-14T15:40:00Z,16,4.0,>=2 MeV
2024-08-14T15:45:00Z,16,4.0,>=2 MeV
2024-08-14T15:50:00Z,16,4.0,>=2 MeV
2024-08-14T15:55:00Z,16,32.70029449,>=2 MeV
2024-08-14T16:00:00Z,16,21.58382607,>=2 MeV
2024-08-14T16:05:00Z,16,53.57973099,>=2 MeV
2024-08-14T16:10:00Z,16,63.3433075,>=2 MeV
2024-08-14T16:15:00Z,16,4.0,>=2 MeV
2024-08-14T16:20:00Z,16,86.49108887,>=2 MeV
2024-08-14T16:25:00Z,16,79.6195755,>=2 MeV
2024-08-14T16:30:00Z,16,4.0,>=2 MeV
2024-08-14T16:35:00Z,16,104.3692474,>=2 MeV
2024-08-14T16:40:00Z,16,4.000912189,>=2 MeV
2024-08-14T16:45:00Z,16,21.51286888,>=2 MeV
2024-08-14T16:50:00Z,16,115.0861359,>=2 MeV
2024-08-14T16:55:00Z,16,23.45578003,>=2 MeV
2024-08-14T17:00:00Z,16,88.2951889,>=2 MeV
2024-08-14T17:05:00Z,16,4.0,>=2 MeV
2024-08-14T17:10:00Z,16,10.03268719,>=2 MeV
2024-08-14T17:15:00Z,16,4.0,>=2 MeV
2024-08-14T17:20:00Z,16,56.56209564,>=2 MeV
2024-08-14T17:25:00Z,16,19.11886787,>=2 MeV
2024-08-14T17:30:00Z,16,126.2371979,>=2 MeV
2024-08-14T17:35:00Z,16,21.24575615,>=2 MeV
2024-08-14T17:40:00Z,16,14.53056717,>=2 MeV
2024-08-14T17:45:00Z,16,42.67124176,>=2 MeV
2024-08-14T17:50:00Z,16,16.69315338,>=2 MeV
2024-08-14T17:55:00Z,16,46.41314316,>=2 MeV
2024-08-14T18:00:00Z,16,8.353826523,>=2 MeV
2024-08-14T18:05:00Z,16,4.0,>=2 MeV
2024-08-14T18:10:00Z,16,8.703145027,>=2 MeV
2024-08-14T18:15:00Z,16,7.800630569,>=2 MeV
2024-08-14T18:20:00Z,16,64.02548981,>=2 MeV
2024-08-14T18:25:00Z,16,77.44166565,>=2 MeV
2024-08-14T18:30:00Z,16,23.39873123,>=2 MeV
2024-08-14T18:35:00Z,16,99.01528168,>=2 MeV
2024-08-14T18:40:00Z,16,83.88578796,>=2 MeV
2024-08-14T18:45:00Z,16,26.2296772,>=2 MeV
2024-08-14T18:50:00Z,16,43.67451859,>=2 MeV
2024-08-14T18:55:00Z,16,4.0,>=2 MeV
2024-08-14T19:00:00Z,16,126.5665588,>=2 MeV
2024-08-14T19:05:00Z,16,16.70429611,>=2 MeV
2024-08-14T19:10:00Z,16,4.0,>=2 MeV
2024-08-14T19:15:00Z,16,12.01884174,>=2 MeV
2024-08-14T19:20:00Z,16,30.25887489,>=2 MeV
2024-08-14T19:25:00Z,16,106.2099991,>=2 MeV
2024-08-14T19:30:00Z,16,4.0,>=2 MeV
2024-08-14T19:35:00Z,16,4.0,>=2 MeV
2024-08-14T19:40:00Z,16,123.6465454,>=2 MeV
2024-08-14T19:45:00Z,16,106.0475922,>=2 MeV
2024-08-14T19:50:00Z,16,100.9468079,>=2 MeV
2024-08-14T19:55:00Z,16,63.84666061,>=2 MeV
2024-08-14T20:00:00Z,16,38.62263489,>=2 MeV
2024-08-14T20:05:00Z,16,134.6012573,>=2 MeV
2024-08-14T20:10:00Z,16,4.0,>=2 MeV
2024-08-14T20:15:00Z,16,87.97325897,>=2 MeV
2024-08-14T20:20:00Z,16,43.11684418,>=2 MeV
2024-08-14T20:25:00Z,16,4.0,>=2 MeV
2024-08-14T20:30:00Z,16,4.0,>=2 MeV
2024-08-14T20:35:00Z,16,81.63665009,>=2 MeV
2024-08-14T20:40:00Z,16,4.0,>=2 MeV
2024-08-14T20:45:00Z,16,29.89927864,>=2 MeV
2024-08-14T20:50:00Z,16,69.91392517,>=2 MeV
2024-08-14T20:55:00Z,16,78.70987701,>=2 MeV
2024-08-14T21:00:00Z,16,45.59438324,>=2 MeV
2024-08-14T21:05:00Z,16,61.10202408,>=2 MeV
2024-08-14T21:10:00Z,16,126.5558701,>=2 MeV
2024-08-14T21:15:00Z,16,41.33530045,>=2 MeV
2024-08-14T21:20:00Z,16,41.4151001,>=2 MeV
2024-08-14T21:25:00Z,16,4.0,>=2 MeV
2024-08-14T21:30:00Z,16,4.0,>=2 MeV
2024-08-14T21:35:00Z,16,4.0,>=2 MeV
2024-08-14T21:40:00Z,16,4.0,>=2 MeV
2024-08-14T21:45:00Z,16,12.35479546,>=2 MeV
2024-08-14T21:50:00Z,16,61.11667252,>=2 MeV
2024-08-14T21:55:00Z,16,25.37273026,>=2 MeV
2024-08-14T22:00:00Z,16,4.0,>=2 MeV
2024-08-14T22:05:00Z,16,61.07291794,>=2 MeV
2024-08-14T22:10:00Z,16,70.62238312,>=2 MeV
2024-08-14T22:15:00Z,16,21.36367035,>=2 MeV
2024-08-14T22:20:00Z,16,72.53657532,>=2 MeV
2024-08-14T22:25:00Z,16,49.79829788,>=2 MeV
2024-08-14T22:30:00Z,16,46.08649826,>=2 MeV
2024-08-14T22:35:00Z,16,4.0,>=2 MeV
2024-08-14T22:40:00Z,16,114.4234924,>=2 MeV
2024-08-14T22:45:00Z,16,85.73688507,>=2 MeV
2024-08-14T22:50:00Z,16,131.598999,>=2 MeV
2024-08-14T22:55:00Z,16,14.45196438,>=2 MeV
2024-08-14T23:00:00Z,16,23.78625679,>=2 MeV
2024-08-14T23:05:00Z,16,4.0,>=2 MeV
2024-08-14T23:10:00Z,16,22.71040916,>=2 MeV
2024-08-14T23:15:00Z,16,56.72612762,>=2 MeV
2024-08-14T23:20:00Z,16,43.40159988,>=2 MeV
2024-08-14T23:25:00Z,16,21.21725082,>=2 MeV
2024-08-14T23:30:00Z,16,4.0,>=2 MeV
2024-08-14T23:35:00Z,16,66.00537109,>=2 MeV
2024-08-14T23:40:00Z,16,68.44730377,>=2 MeV
2024-08-14T23:45:00Z,16,25.5365963,>=2 MeV
2024-08-14T23:50:00Z,16,150.9801636,>=2 MeV
2024-08-14T23:55:00Z,16,52.77173615,>=2 MeV
2024-08-15T00:00:00Z,16,34.05144882,>=2 MeV
2024-08-15T00:05:00Z,16,30.16718864,>=2 MeV
2024-08-15T00:10:00Z,16,113.0777054,>=2 MeV
2024-08-15T00:15:00Z,16,4.0,>=2 MeV
2024-08-15T00:20:00Z,16,31.99974823,>=2 MeV
2024-08-15T00:25:00Z,16,43.19483185,>=2 MeV
2024-08-15T00:30:00Z,16,12.24793625,>=2 MeV
2024-08-15T00:35:00Z,16,9.335647583,>=2 MeV
2024-08-15T00:40:00Z,16,32.8927803,>=2 MeV
2024-08-15T00:45:00Z,16,27.62316513,>=2 MeV
2024-08-15T00:50:00Z,16,49.87508774,>=2 MeV
2024-08-15T00:55:00Z,16,4.0,>=2 MeV
2024-08-15T01:00:00Z,16,24.98612595,>=2 MeV
2024-08-15T01:05:00Z,16,4.0,>=2 MeV
2024-08-15T01:10:00Z,16,38.54346848,>=2 MeV
2024-08-15T01:15:00Z,16,40.23993301,>=2 MeV
2024-08-15T01:20:00Z,16,4.0,>=2 MeV
2024-08-15T01:25:00Z,16,78.70087433,>=2 MeV
2024-08-15T01:30:00Z,16,87.1075592,>=2 MeV
2024-08-15T01:35:00Z,16,29.49347687,>=2 MeV
2024-08-15T01:40:00Z,16,82.59568787,>=2 MeV
2024-08-15T01:45:00Z,16,34.69543839,>=2 MeV
2024-08-15T01:50:00Z,16,82.25912476,>=2 MeV
2024-08-15T01:55:00Z,16,87.26411438,>=2 MeV
2024-08-15T02:00:00Z,16,75.98253632,>=2 MeV
2024-08-15T02:05:00Z,16,96.72380829,>=2 MeV
2024-08-15T02:10:00Z,16,59.19678116,>=2 MeV
2024-08-15T02:15:00Z,16,11.8055706,>=2 MeV
2024-08-15T02:20:00Z,16,70.45215607,>=2 MeV
2024-08-15T02:25:00Z,16,38.96049881,>=2 MeV
2024-08-15T02:30:00Z,16,98.49771118,>=2 MeV
2024-08-15T02:35:00Z,16,40.586586,>=2 MeV
2024-08-15T02:40:00Z,16,74.41747284,>=2 MeV
2024-08-15T02:45:00Z,16,76.1218338,>=2 MeV
2024-08-15T02:50:00Z,16,10.9522438,>=2 MeV
2024-08-15T02:55:00Z,16,36.7521553,>=2 MeV
2024-08-15T03:00:00Z,16,56.28093719,>=2 MeV
2024-08-15T03:05:00Z,16,54.07613754,>=2 MeV
2024-08-15T03:10:00Z,16,13.5403738,>=2 MeV
2024-08-15T03:15:00Z,16,4.0,>=2 MeV
2024-08-15T03:20:00Z,16,56.42631149,>=2 MeV
2024-08-15T03:25:00Z,16,56.32901382,>=2 MeV
2024-08-15T03:30:00Z,16,68.62068939,>=2 MeV
2024-08-15T03:35:00Z,16,45.39445114,>=2 MeV
2024-08-15T03:40:00Z,16,85.75279236,>=2 MeV
2024-08-15T03:45:00Z,16,97.48526764,>=2 MeV
2024-08-15T03:50:00Z,16,20.30892944,>=2 MeV
2024-08-15T03:55:00Z,16,42.35037231,>=2 MeV
2024-08-15T04:00:00Z,16,131.3741608,>=2 MeV
2024-08-15T04:05:00Z,16,120.7751007,>=2 MeV
2024-08-15T04:10:00Z,16,42.14648819,>=2 MeV
2024-08-15T04:15:00Z,16,4.0,>=2 MeV
2024-08-15T04:20:00Z,16,98.51690674,>=2 MeV
2024-08-15T04:25:00Z,16,36.11050415,>=2 MeV
2024-08-15T04:30:00Z,16,67.78393555,>=2 MeV
2024-08-15T04:35:00Z,16,65.48440552,>=2 MeV
2024-08-15T04:40:00Z,16,53.9871521,>=2 MeV
2024-08-15T04:45:00Z,16,17.43345261,>=2 MeV
2024-08-15T04:50:00Z,16,46.75785828,>=2 MeV
2024-08-15T04:55:00Z,16,4.0,>=2 MeV
2024-08-15T05:00:00Z,16,28.84643745,>=2 MeV
2024-08-15T05:05:00Z,16,96.90694427,>=2 MeV
2024-08-15T05:10:00Z,16,94.39304352,>=2 MeV
2024-08-15T05:15:00Z,16,71.96006012,>=2 MeV
2024-08-15T05:20:00Z,16,51.52470779,>=2 MeV
2024-08-15T05:25:00Z,16,27.39122391,>=2 MeV
2024-08-15T05:30:00Z,16,80.68053436,>=2 MeV
2024-08-15T05:35:00Z,16,69.36558533,>=2 MeV
2024-08-15T05:40:00Z,16,92.4454422,>=2 MeV
2024-08-15T05:45:00Z,16,54.25824356,>=2 MeV
2024-08-15T05:50:00Z,16,76.23929596,>=2 MeV
2024-08-15T05:55:00Z,16,67.0067215,>=2 MeV
2024-08-15T06:00:00Z,16,4.0,>=2 MeV
2024-08-15T06:05:00Z,16,38.12942123,>=2 MeV
2024-08-15T06:10:00Z,16,4.0,>=2 MeV
2024-08-15T06:15:00Z,16,31.88977432,>=2 MeV
2024-08-15T06:20:00Z,16,96.75292206,>=2 MeV
2024-08-15T06:25:00Z,16,89.58331299,>=2 MeV
2024-08-15T06:30:00Z,16,13.75954151,>=2 MeV
2024-08-15T06:35:00Z,16,18.3903656,>=2 MeV
2024-08-15T06:40:00Z,16,4.906102657,>=2 MeV
2024-08-15T06:45:00Z,16,36.57170105,>=2 MeV
2024-08-15T06:50:00Z,16,4.0,>=2 MeV
2024-08-15T06:55:00Z,16,4.0,>=2 MeV
2024-08-15T07:00:00Z,16,4.0,>=2 MeV
2024-08-15T07:05:00Z,16,70.87727356,>=2 MeV
2024-08-15T07:10:00Z,16,20.06893158,>=2 MeV
2024-08-15T07:15:00Z,16,4.0,>=2 MeV
2024-08-15T07:20:00Z,16,4.0,>=2 MeV
2024-08-15T07:25:00Z,16,42.40219116,>=2 MeV
2024-08-15T07:30:00Z,16,22.7913456,>=2 MeV
2024-08-15T07:35:00Z,16,20.62825394,>=2 MeV
2024-08-15T07:40:00Z,16,49.49671936,>=2 MeV
2024-08-15T07:45:00Z,16,42.44998169,>=2 MeV
2024-08-15T07:50:00Z,16,36.05033493,>=2 MeV
2024-08-15T07:55:00Z,16,4.0,>=2 MeV
2024-08-15T08:00:00Z,16,53.84596252,>=2 MeV
2024-08-15T08:05:00Z,16,4.0,>=2 MeV
2024-08-15T08:10:00Z,16,36.30759048,>=2 MeV
2024-08-15T08:15:00Z,16,38.77732849,>=2 MeV
2024-08-15T08:20:00Z,16,20.06060219,>=2 MeV
2024-08-15T08:25:00Z,16,25.41988564,>=2 MeV
2024-08-15T08:30:00Z,16,7.33995533,>=2 MeV
2024-08-15T08:35:00Z,16,31.39862251,>=2 MeV
2024-08-15T08:40:00Z,16,63.3579216,>=2 MeV
2024-08-15T08:45:00Z,16,67.68675232,>=2 MeV
2024-08-15T08:50:00Z,16,4.0,>=2 MeV
2024-08-15T08:55:00Z,16,82.58101654,>=2 MeV
2024-08-15T09:00:00Z,16,29.84141922,>=2 MeV
2024-08-15T09:05:00Z,16,74.8094635,>=2 MeV
2024-08-15T09:10:00Z,16,4.0,>=2 MeV
2024-08-15T09:15:00Z,16,4.0,>=2 MeV
2024-08-15T09:20:00Z,16,60.51852798,>=2 MeV
2024-08-15T09:25:00Z,16,49.56574631,>=2 MeV
2024-08-15T09:30:00Z,16,4.0,>=2 MeV
2024-08-15T09:35:00Z,16,4.0,>=2 MeV
2024-08-15T09:40:00Z,16,4.0,>=2 MeV
2024-08-15T09:45:00Z,16,54.17054367,>=2 MeV
2024-08-15T09:50:00Z,16,101.2166595,>=2 MeV
2024-08-15T09:55:00Z,16,4.0,>=2 MeV
2024-08-15T10:00:00Z,16,65.60699463,>=2 MeV
2024-08-15T10:05:00Z,16,40.53445435,>=2 MeV
2024-08-15T10:10:00Z,16,62.87446594,>=2 MeV
2024-08-15T10:15:00Z,16,38.26489258,>=2 MeV
2024-08-15T10:20:00Z,16,127.4706345,>=2 MeV
2024-08-15T10:25:00Z,16,65.33078766,>=2 MeV
2024-08-15T10:30:00Z,16,32.03931808,>=2 MeV
2024-08-15T10:35:00Z,16,42.98776627,>=2 MeV
2024-08-15T10:40:00Z,16,48.13728714,>=2 MeV
2024-08-15T10:45:00Z,16,13.67909527,>=2 MeV
2024-08-15T10:50:00Z,16,113.9296417,>=2 MeV
2024-08-15T10:55:00Z,16,117.4778748,>=2 MeV
2024-08-15T11:00:00Z,16,30.1656189,>=2 MeV
2024-08-15T11:05:00Z,16,45.65446854,>=2 MeV
2024-08-15T11:10:00Z,16,96.32460785,>=2 MeV
2024-08-15T11:15:00Z,16,83.02812958,>=2 MeV
2024-08-15T11:20:00Z,16,44.67506409,>=2 MeV
2024-08-15T11:25:00Z,16,51.28495407,>=2 MeV
2024-08-15T11:30:00Z,16,41.15039063,>=2 MeV
2024-08-15T11:35:00Z,16,4.0,>=2 MeV
2024-08-15T11:40:00Z,16,14.3593111,>=2 MeV
2024-08-15T11:45:00Z,16,4.0,>=2 MeV
2024-08-15T11:50:00Z,16,61.31749725,>=2 MeV
2024-08-15T11:55:00Z,16,4.0,>=2 MeV
2024-08-15T12:00:00Z,16,100.098732,>=2 MeV
2024-08-15T12:05:00Z,16,13.68285179,>=2 MeV
2024-08-15T12:10:00Z,16,126.9463196,>=2 MeV
2024-08-15T12:15:00Z,16,4.0,>=2 MeV
2024-08-15T12:20:00Z,16,108.198143,>=2 MeV
2024-08-15T12:25:00Z,16,46.20788956,>=2 MeV
2024-08-15T12:30:00Z,16,4.0,>=2 MeV
2024-08-15T12:35:00Z,16,16.50223732,>=2 MeV
2024-08-15T12:40:00Z,16,60.75587082,>=2 MeV
2024-08-15T12:45:00Z,16,44.48546982,>=2 MeV
2024-08-15T12:50:00Z,16,103.7676849,>=2 MeV
2024-08-15T12:55:00Z,16,53.90068436,>=2 MeV
2024-08-15T13:00:00Z,16,61.97778702,>=2 MeV
2024-08-15T13:05:00Z,16,42.96842575,>=2 MeV
2024-08-15T13:10:00Z,16,4.0,>=2 MeV
2024-08-15T13:15:00Z,16,129.7641754,>=2 MeV
2024-08-15T13:20:00Z,16,32.00004959,>=2 MeV
2024-08-15T13:25:00Z,16,84.81994629,>=2 MeV
2024-08-15T13:30:00Z,16,49.87644577,>=2 MeV
2024-08-15T13:35:00Z,16,56.2012558,>=2 MeV
2024-08-15T13:40:00Z,16,116.3784256,>=2 MeV
2024-08-15T13:45:00Z,16,38.53397751,>=2 MeV
2024-08-15T13:50:00Z,16,115.3793106,>=2 MeV
2024-08-15T13:55:00Z,16,18.29389763,>=2 MeV
2024-08-15T14:00:00Z,16,51.87168884,>=2 MeV
2024-08-15T14:05:00Z,16,19.03313065,>=2 MeV
2024-08-15T14:10:00Z,16,89.66719818,>=2 MeV
2024-08-15T14:15:00Z,16,15.47594738,>=2 MeV
2024-08-15T14:20:00Z,16,4.0,>=2 MeV
2024-08-15T14:25:00Z,16,23.05862236,>=2 MeV
2024-08-15T14:30:00Z,16,89.89704132,>=2 MeV
2024-08-15T14:35:00Z,16,119.1373596,>=2 MeV
2024-08-15T14:40:00Z,16,4.0,>=2 MeV
2024-08-15T14:45:00Z,16,70.21878815,>=2 MeV
2024-08-15T14:50:00Z,16,4.0,>=2 MeV
2024-08-15T14:55:00Z,16,109.4283142,>=2 MeV
2024-08-15T15:00:00Z,16,29.40229034,>=2 MeV
2024-08-15T15:05:00Z,16,80.19355011,>=2 MeV
2024-08-15T15:10:00Z,16,130.6172333,>=2 MeV
2024-08-15T15:15:00Z,16,93.68576813,>=2 MeV
2024-08-15T15:20:00Z,16,168.3176575,>=2 MeV
2024-08-15T15:25:00Z,16,112.0213165,>=2 MeV
2024-08-15T15:30:00Z,16,95.7537384,>=2 MeV
2024-08-15T15:35:00Z,16,105.3006897,>=2 MeV
2024-08-15T15:40:00Z,16,7.262263298,>=2 MeV
2024-08-15T15:45:00Z,16,125.3066254,>=2 MeV
2024-08-15T15:50:00Z,16,55.88170624,>=2 MeV
2024-08-15T15:55:00Z,16,88.08734894,>=2 MeV
2024-08-15T16:00:00Z,16,22.56446457,>=2 MeV
2024-08-15T16:05:00Z,16,153.8627625,>=2 MeV
2024-08-15T16:10:00Z,16,69.82566071,>=2 MeV
2024-08-15T16:15:00Z,16,74.21918488,>=2 MeV
2024-08-15T16:20:00Z,16,23.1281395,>=2 MeV
2024-08-15T16:25:00Z,16,113.404335,>=2 MeV
2024-08-15T16:30:00Z,16,65.56615448,>=2 MeV
2024-08-15T16:35:00Z,16,128.2927856,>=2 MeV
2024-08-15T16:40:00Z,16,49.65772629,>=2 MeV
2024-08-15T16:45:00Z,16,85.06746674,>=2 MeV
2024-08-15T16:50:00Z,16,62.9930191,>=2 MeV
2024-08-15T16:55:00Z,16,80.91854858,>=2 MeV
2024-08-15T17:00:00Z,16,89.14015198,>=2 MeV
2024-08-15T17:05:00Z,16,56.08656693,>=2 MeV
2024-08-15T17:10:00Z,16,4.0,>=2 MeV
2024-08-15T17:15:00Z,16,136.7098236,>=2 MeV
2024-08-15T17:20:00Z,16,55.78808212,>=2 MeV
2024-08-15T17:25:00Z,16,36.05392456,>=2 MeV
2024-08-15T17:30:00Z,16,6.886640072,>=2 MeV
2024-08-15T17:35:00Z,16,49.03341293,>=2 MeV
2024-08-15T17:40:00Z,16,56.33075333,>=2 MeV
2024-08-15T17:45:00Z,16,8.9864254,>=2 MeV
2024-08-15T17:50:00Z,16,4.0,>=2 MeV
2024-08-15T17:55:00Z,16,102.4354553,>=2 MeV
2024-08-15T18:00:00Z,16,29.42307281,>=2 MeV
2024-08-15T18:05:00Z,16,123.3267822,>=2 MeV
2024-08-15T18:10:00Z,16,65.04016876,>=2 MeV
2024-08-15T18:15:00Z,16,43.28120422,>=2 MeV
2024-08-15T18:20:00Z,16,107.6947174,>=2 MeV
2024-08-15T18:25:00Z,16,89.88685608,>=2 MeV
2024-08-15T18:30:00Z,16,4.0,>=2 MeV
2024-08-15T18:35:00Z,16,107.3043671,>=2 MeV
2024-08-15T18:40:00Z,16,129.4685364,>=2 MeV
2024-08-15T18:45:00Z,16,36.69274139,>=2 MeV
2024-08-15T18:50:00Z,16,7.464476109,>=2 MeV
2024-08-15T18:55:00Z,16,80.10541534,>=2 MeV
2024-08-15T19:00:00Z,16,105.405365,>=2 MeV
2024-08-15T19:05:00Z,16,83.41153717,>=2 MeV
2024-08-15T19:10:00Z,16,114.374115,>=2 MeV
2024-08-15T19:15:00Z,16,4.0,>=2 MeV
2024-08-15T19:20:00Z,16,83.1459198,>=2 MeV
2024-08-15T19:25:00Z,16,75.84054565,>=2 MeV
2024-08-15T19:30:00Z,16,58.17254257,>=2 MeV
2024-08-15T19:35:00Z,16,196.1071777,>=2 MeV
2024-08-15T19:40:00Z,16,105.7425461,>=2 MeV
2024-08-15T19:45:00Z,16,167.3698273,>=2 MeV
2024-08-15T19:50:00Z,16,91.96522522,>=2 MeV
2024-08-15T19:55:00Z,16,17.53804016,>=2 MeV
2024-08-15T20:00:00Z,16,51.5162468,>=2 MeV
2024-08-15T20:05:00Z,16,60.51289749,>=2 MeV
2024-08-15T20:10:00Z,16,83.13592529,>=2 MeV
2024-08-15T20:15:00Z,16,103.2979507,>=2 MeV
2024-08-15T20:20:00Z,16,162.8944244,>=2 MeV
2024-08-15T20:25:00Z,16,51.84008026,>=2 MeV
2024-08-15T20:30:00Z,16,58.8673172,>=2 MeV
2024-08-15T20:35:00Z,16,72.55548096,>=2 MeV
2024-08-15T20:40:00Z,16,75.77735138,>=2 MeV
2024-08-15T20:45:00Z,16,155.8430481,>=2 MeV
2024-08-15T20:50:00Z,16,42.81600571,>=2 MeV
2024-08-15T20:55:00Z,16,102.3935623,>=2 MeV
2024-08-15T21:00:00Z,16,145.6409454,>=2 MeV
2024-08-15T21:05:00Z,16,149.5916138,>=2 MeV
2024-08-15T21:10:00Z,16,127.1169739,>=2 MeV
2024-08-15T21:15:00Z,16,185.2531433,>=2 MeV
2024-08-15T21:20:00Z,16,95.83084869,>=2 MeV
2024-08-15T21:25:00Z,16,289.388031,>=2 MeV
2024-08-15T21:30:00Z,16,82.44081879,>=2 MeV
2024-08-15T21:35:00Z,16,217.7613831,>=2 MeV
2024-08-15T21:40:00Z,16,96.06704712,>=2 MeV
2024-08-15T21:45:00Z,16,87.1129303,>=2 MeV
2024-08-15T21:50:00Z,16,113.650322,>=2 MeV
2024-08-15T21:55:00Z,16,4.0,>=2 MeV
2024-08-15T22:00:00Z,16,98.70174408,>=2 MeV
2024-08-15T22:05:00Z,16,175.6423492,>=2 MeV
2024-08-15T22:10:00Z,16,50.5765686,>=2 MeV
2024-08-15T22:15:00Z,16,93.43043518,>=2 MeV
2024-08-15T22:20:00Z,16,54.11850357,>=2 MeV
2024-08-15T22:25:00Z,16,176.7972412,>=2 MeV
2024-08-15T22:30:00Z,16,31.0975647,>=2 MeV
2024-08-15T22:35:00Z,16,104.9574051,>=2 MeV
2024-08-15T22:40:00Z,16,52.11431885,>=2 MeV
2024-08-15T22:45:00Z,16,79.48130798,>=2 MeV
2024-08-15T22:50:00Z,16,128.6590576,>=2 MeV
2024-08-15T22:55:00Z,16,4.0,>=2 MeV
2024-08-15T23:00:00Z,16,129.2337646,>=2 MeV
2024-08-15T23:05:00Z,16,120.2758026,>=2 MeV
2024-08-15T23:10:00Z,16,127.1502151,>=2 MeV
2024-08-15T23:15:00Z,16,62.23724365,>=2 MeV
2024-08-15T23:20:00Z,16,155.5851288,>=2 MeV
2024-08-15T23:25:00Z,16,30.36030197,>=2 MeV
2024-08-15T23:30:00Z,16,31.72151375,>=2 MeV
2024-08-15T23:35:00Z,16,40.16492844,>=2 MeV
2024-08-15T23:40:00Z,16,66.8748703,>=2 MeV
2024-08-15T23:45:00Z,16,4.0,>=2 MeV
2024-08-15T23:50:00Z,16,15.94834232,>=2 MeV
2024-08-15T23:55:00Z,16,4.0,>=2 MeV
2024-08-16T00:00:00Z,16,55.4950676,>=2 MeV
2024-08-16T00:05:00Z,16,4.0,>=2 MeV
2024-08-16T00:10:00Z,16,23.03738213,>=2 MeV
2024-08-16T00:15:00Z,16,4.558104038,>=2 MeV
2024-08-16T00:20:00Z,16,54.36311722,>=2 MeV
2024-08-16T00:25:00Z,16,4.0,>=2 MeV
2024-08-16T00:30:00Z,16,4.0,>=2 MeV
2024-08-16T00:35:00Z,16,24.95436859,>=2 MeV
2024-08-16T00:40:00Z,16,4.0,>=2 MeV
2024-08-16T00:45:00Z,16,87.98316193,>=2 MeV
2024-08-16T00:50:00Z,16,11.20440674,>=2 MeV
2024-08-16T00:55:00Z,16,24.67793274,>=2 MeV
2024-08-16T01:00:00Z,16,4.0,>=2 MeV
2024-08-16T01:05:00Z,16,47.20990372,>=2 MeV
2024-08-16T01:10:00Z,16,4.0,>=2 MeV
2024-08-16T01:15:00Z,16,4.0,>=2 MeV
2024-08-16T01:20:00Z,16,22.97085953,>=2 MeV
2024-08-16T01:25:00Z,16,4.0,>=2 MeV
2024-08-16T01:30:00Z,16,4.0,>=2 MeV
2024-08-16T01:35:00Z,16,13.93563366,>=2 MeV
2024-08-16T01:40:00Z,16,4.0,>=2 MeV
2024-08-16T01:45:00Z,16,53.48522186,>=2 MeV
2024-08-16T01:50:00Z,16,4.0,>=2 MeV
2024-08-16T01:55:00Z,16,20.30226326,>=2 MeV
2024-08-16T02:00:00Z,16,4.0,>=2 MeV
2024-08-16T02:05:00Z,16,62.64329529,>=2 MeV
2024-08-16T02:10:00Z,16,4.0,>=2 MeV
2024-08-16T02:15:00Z,16,4.0,>=2 MeV
2024-08-16T02:20:00Z,16,4.0,>=2 MeV
2024-08-16T02:25:00Z,16,18.86315155,>=2 MeV
2024-08-16T02:30:00Z,16,4.0,>=2 MeV
2024-08-16T02:35:00Z,16,4.0,>=2 MeV
2024-08-16T02:40:00Z,16,53.36268997,>=2 MeV
2024-08-16T02:45:00Z,16,13.09490681,>=2 MeV
2024-08-16T02:50:00Z,16,4.0,>=2 MeV
2024-08-16T02:55:00Z,16,22.43196297,>=2 MeV
2024-08-16T03:00:00Z,16,4.0,>=2 MeV
2024-08-16T03:05:00Z,16,4.0,>=2 MeV
2024-08-16T03:10:00Z,16,24.45522881,>=2 MeV
2024-08-16T03:15:00Z,16,16.2556839,>=2 MeV
2024-08-16T03:20:00Z,16,4.0,>=2 MeV
2024-08-16T03:25:00Z,16,38.67120361,>=2 MeV
2024-08-16T03:30:00Z,16,4.0,>=2 MeV
2024-08-16T03:35:00Z,16,4.0,>=2 MeV
2024-08-16T03:40:00Z,16,4.0,>=2 MeV
2024-08-16T03:45:00Z,16,4.0,>=2 MeV
2024-08-16T03:50:00Z,16,4.0,>=2 MeV
2024-08-16T03:55:00Z,16,4.0,>=2 MeV
2024-08-16T04:00:00Z,16,4.0,>=2 MeV
2024-08-16T04:05:00Z,16,18.41194153,>=2 MeV
2024-08-16T04:10:00Z,16,4.0,>=2 MeV
2024-08-16T04:15:00Z,16,4.0,>=2 MeV
2024-08-16T04:20:00Z,16,4.0,>=2 MeV
2024-08-16T04:25:00Z,16,4.0,>=2 MeV
2024-08-16T04:30:00Z,16,4.0,>=2 MeV
2024-08-16T04:35:00Z,16,4.0,>=2 MeV
2024-08-16T04:40:00Z,16,4.0,>=2 MeV
2024-08-16T04:45:00Z,16,7.29122448,>=2 MeV
2024-08-16T04:50:00Z,16,11.58506775,>=2 MeV
2024-08-16T04:55:00Z,16,8.249872208,>=2 MeV
2024-08-16T05:00:00Z,16,4.0,>=2 MeV
2024-08-16T05:05:00Z,16,4.0,>=2 MeV
2024-08-16T05:10:00Z,16,68.80296326,>=2 MeV
2024-08-16T05:15:00Z,16,4.0,>=2 MeV
2024-08-16T05:20:00Z,16,4.0,>=2 MeV
2024-08-16T05:25:00Z,16,4.0,>=2 MeV
2024-08-16T05:30:00Z,16,12.33226013,>=2 MeV
2024-08-16T05:35:00Z,16,4.0,>=2 MeV
2024-08-16T05:40:00Z,16,4.0,>=2 MeV
2024-08-16T05:45:00Z,16,4.0,>=2 MeV
2024-08-16T05:50:00Z,16,4.0,>=2 MeV
2024-08-16T05:55:00Z,16,4.0,>=2 MeV
2024-08-16T06:00:00Z,16,4.0,>=2 MeV
2024-08-16T06:05:00Z,16,4.0,>=2 MeV
2024-08-16T06:10:00Z,16,4.0,>=2 MeV
2024-08-16T06:15:00Z,16,4.0,>=2 MeV
2024-08-16T06:20:00Z,16,4.0,>=2 MeV
2024-08-16T06:25:00Z,16,84.77616882,>=2 MeV
2024-08-16T06:30:00Z,16,26.28113174,>=2 MeV
2024-08-16T06:35:00Z,16,4.0,>=2 MeV
2024-08-16T06:40:00Z,16,4.0,>=2 MeV
2024-08-16T06:45:00Z,16,4.0,>=2 MeV
2024-08-16T06:50:00Z,16,6.748749733,>=2 MeV
2024-08-16T06:55:00Z,16,4.0,>=2 MeV
2024-08-16T07:00:00Z,16,4.0,>=2 MeV
2024-08-16T07:05:00Z,16,4.0,>=2 MeV
2024-08-16T07:10:00Z,16,4.0,>=2 MeV
2024-08-16T07:15:00Z,16,4.0,>=2 MeV
2024-08-16T07:20:00Z,16,29.65278625,>=2 MeV
2024-08-16T07:25:00Z,16,4.0,>=2 MeV
2024-08-16T07:30:00Z,16,4.0,>=2 MeV
2024-08-16T07:35:00Z,16,28.86964798,>=2 MeV
2024-08-16T07:40:00Z,16,4.0,>=2 MeV
2024-08-16T07:45:00Z,16,4.0,>=2 MeV
2024-08-16T07:50:00Z,16,11.06908131,>=2 MeV
2024-08-16T07:55:00Z,16,10.06496048,>=2 MeV
2024-08-16T08:00:00Z,16,4.0,>=2 MeV
2024-08-16T08:05:00Z,16,4.0,>=2 MeV
2024-08-16T08:10:00Z,16,4.0,>=2 MeV
2024-08-16T08:15:00Z,16,33.7456665,>=2 MeV
2024-08-16T08:20:00Z,16,4.0,>=2 MeV
2024-08-16T08:25:00Z,16,4.0,>=2 MeV
2024-08-16T08:30:00Z,16,4.0,>=2 MeV
2024-08-16T08:35:00Z,16,4.0,>=2 MeV
2024-08-16T08:40:00Z,16,4.0,>=2 MeV
2024-08-16T08:45:00Z,16,4.0,>=2 MeV
2024-08-16T08:50:00Z,16,4.0,>=2 MeV
2024-08-16T08:55:00Z,16,4.0,>=2 MeV
2024-08-16T09:00:00Z,16,4.0,>=2 MeV
2024-08-16T09:05:00Z,16,4.0,>=2 MeV
2024-08-16T09:10:00Z,16,35.24827957,>=2 MeV
2024-08-16T09:15:00Z,16,4.0,>=2 MeV
2024-08-16T09:20:00Z,16,4.0,>=2 MeV
2024-08-16T09:25:00Z,16,9.824132919,>=2 MeV
2024-08-16T09:30:00Z,16,4.0,>=2 MeV
2024-08-16T09:35:00Z,16,4.0,>=2 MeV
2024-08-16T09:40:00Z,16,4.0,>=2 MeV
2024-08-16T09:45:00Z,16,4.0,>=2 MeV
2024-08-16T09:50:00Z,16,9.351937294,>=2 MeV
2024-08-16T09:55:00Z,16,4.0,>=2 MeV
2024-08-16T10:00:00Z,16,4.0,>=2 MeV
2024-08-16T10:05:00Z,16,4.0,>=2 MeV
2024-08-16T10:10:00Z,16,4.0,>=2 MeV
2024-08-16T10:15:00Z,16,4.0,>=2 MeV
2024-08-16T10:20:00Z,16,4.0,>=2 MeV
2024-08-16T10:25:00Z,16,4.0,>=2 MeV
2024-08-16T10:30:00Z,16,4.0,>=2 MeV
2024-08-16T10:35:00Z,16,6.675736904,>=2 MeV
2024-08-16T10:40:00Z,16,4.0,>=2 MeV
2024-08-16T10:45:00Z,16,4.0,>=2 MeV
2024-08-16T10:50:00Z,16,4.0,>=2 MeV
2024-08-16T10:55:00Z,16,4.0,>=2 MeV
2024-08-16T11:00:00Z,16,4.0,>=2 MeV
2024-08-16T11:05:00Z,16,28.0149498,>=2 MeV
2024-08-16T11:10:00Z,16,4.0,>=2 MeV
2024-08-16T11:15:00Z,16,4.0,>=2 MeV
2024-08-16T11:20:00Z,16,4.0,>=2 MeV
2024-08-16T11:25:00Z,16,4.0,>=2 MeV
2024-08-16T11:30:00Z,16,4.0,>=2 MeV
2024-08-16T11:35:00Z,16,4.0,>=2 MeV
2024-08-16T11:40:00Z,16,36.8492012,>=2 MeV
2024-08-16T11:45:00Z,16,63.58546448,>=2 MeV
2024-08-16T11:50:00Z,16,4.0,>=2 MeV
2024-08-16T11:55:00Z,16,4.0,>=2 MeV
2024-08-16T12:00:00Z,16,4.0,>=2 MeV
2024-08-16T12:05:00Z,16,4.0,>=2 MeV
2024-08-16T12:10:00Z,16,4.0,>=2 MeV
2024-08-16T12:15:00Z,16,18.92946815,>=2 MeV
2024-08-16T12:20:00Z,16,4.0,>=2 MeV
2024-08-16T12:25:00Z,16,4.0,>=2 MeV
2024-08-16T12:30:00Z,16,36.37488556,>=2 MeV
2024-08-16T12:35:00Z,16,4.0,>=2 MeV
2024-08-16T12:40:00Z,16,5.429942608,>=2 MeV
2024-08-16T12:45:00Z,16,4.0,>=2 MeV
2024-08-16T12:50:00Z,16,4.0,>=2 MeV
2024-08-16T12:55:00Z,16,25.87880898,>=2 MeV
2024-08-16T13:00:00Z,16,77.46328735,>=2 MeV
2024-08-16T13:05:00Z,16,60.53978729,>=2 MeV
2024-08-16T13:10:00Z,16,4.0,>=2 MeV
2024-08-16T13:15:00Z,16,16.15558052,>=2 MeV
2024-08-16T13:20:00Z,16,37.04390335,>=2 MeV
2024-08-16T13:25:00Z,16,45.43535995,>=2 MeV
2024-08-16T13:30:00Z,16,4.0,>=2 MeV
2024-08-16T13:35:00Z,16,4.0,>=2 MeV
2024-08-16T13:40:00Z,16,4.0,>=2 MeV
2024-08-16T13:45:00Z,16,4.0,>=2 MeV
2024-08-16T13:50:00Z,16,4.0,>=2 MeV
2024-08-16T13:55:00Z,16,176.7324829,>=2 MeV
2024-08-16T14:00:00Z,16,33.5629425,>=2 MeV
2024-08-16T14:05:00Z,16,22.81777954,>=2 MeV
2024-08-16T14:10:00Z,16,69.9188385,>=2 MeV
2024-08-16T14:15:00Z,16,35.0602951,>=2 MeV
2024-08-16T14:20:00Z,16,4.0,>=2 MeV
2024-08-16T14:25:00Z,16,13.22905731,>=2 MeV
2024-08-16T14:30:00Z,16,4.0,>=2 MeV
2024-08-16T14:35:00Z,16,37.54114532,>=2 MeV
2024-08-16T14:40:00Z,16,19.61110878,>=2 MeV
2024-08-16T14:45:00Z,16,4.0,>=2 MeV
2024-08-16T14:50:00Z,16,4.0,>=2 MeV
2024-08-16T14:55:00Z,16,4.0,>=2 MeV
2024-08-16T15:00:00Z,16,4.0,>=2 MeV
2024-08-16T15:05:00Z,16,63.69329453,>=2 MeV
2024-08-16T15:10:00Z,16,4.0,>=2 MeV
2024-08-16T15:15:00Z,16,52.20072937,>=2 MeV
2024-08-16T15:20:00Z,16,15.11692524,>=2 MeV
2024-08-16T15:25:00Z,16,18.65581703,>=2 MeV
2024-08-16T15:30:00Z,16,69.69769287,>=2 MeV
2024-08-16T15:35:00Z,16,34.29566956,>=2 MeV
2024-08-16T15:40:00Z,16,22.81600189,>=2 MeV
2024-08-16T15:45:00Z,16,4.0,>=2 MeV
2024-08-16T15:50:00Z,16,4.0,>=2 MeV
2024-08-16T15:55:00Z,16,19.06292343,>=2 MeV
2024-08-16T16:00:00Z,16,4.0,>=2 MeV
2024-08-16T16:05:00Z,16,27.35993576,>=2 MeV
2024-08-16T16:10:00Z,16,4.0,>=2 MeV
2024-08-16T16:15:00Z,16,4.0,>=2 MeV
2024-08-16T16:20:00Z,16,38.31398392,>=2 MeV
2024-08-16T16:25:00Z,16,61.1928978,>=2 MeV
2024-08-16T16:30:00Z,16,4.0,>=2 MeV
2024-08-16T16:35:00Z,16,4.0,>=2 MeV
2024-08-16T16:40:00Z,16,4.0,>=2 MeV
2024-08-16T16:45:00Z,16,65.55203247,>=2 MeV
2024-08-16T16:50:00Z,16,14.92800999,>=2 MeV
2024-08-16T16:55:00Z,16,50.63065338,>=2 MeV
2024-08-16T17:00:00Z,16,21.46391296,>=2 MeV
2024-08-16T17:05:00Z,16,86.65885162,>=2 MeV
2024-08-16T17:10:00Z,16,4.0,>=2 MeV
2024-08-16T17:15:00Z,16,52.79429245,>=2 MeV
2024-08-16T17:20:00Z,16,4.0,>=2 MeV
2024-08-16T17:25:00Z,16,110.3754883,>=2 MeV
2024-08-16T17:30:00Z,16,4.0,>=2 MeV
2024-08-16T17:35:00Z,16,48.12620163,>=2 MeV
2024-08-16T17:40:00Z,16,56.70960236,>=2 MeV
2024-08-16T17:45:00Z,16,10.16995621,>=2 MeV
2024-08-16T17:50:00Z,16,34.32086945,>=2 MeV
2024-08-16T17:55:00Z,16,27.75514984,>=2 MeV
2024-08-16T18:00:00Z,16,58.51412964,>=2 MeV
2024-08-16T18:05:00Z,16,4.0,>=2 MeV
2024-08-16T18:10:00Z,16,18.79259872,>=2 MeV
2024-08-16T18:15:00Z,16,25.25761223,>=2 MeV
2024-08-16T18:20:00Z,16,4.0,>=2 MeV
2024-08-16T18:25:00Z,16,4.0,>=2 MeV
2024-08-16T18:30:00Z,16,4.0,>=2 MeV
2024-08-16T18:35:00Z,16,40.74545288,>=2 MeV
2024-08-16T18:40:00Z,16,43.03326797,>=2 MeV
2024-08-16T18:45:00Z,16,5.141926289,>=2 MeV
2024-08-16T18:50:00Z,16,4.0,>=2 MeV
2024-08-16T18:55:00Z,16,4.0,>=2 MeV
2024-08-16T19:00:00Z,16,4.0,>=2 MeV
2024-08-16T19:05:00Z,16,4.0,>=2 MeV
2024-08-16T19:10:00Z,16,4.0,>=2 MeV
2024-08-16T19:15:00Z,16,4.0,>=2 MeV
2024-08-16T19:20:00Z,16,35.56742096,>=2 MeV
2024-08-16T19:25:00Z,16,40.54515076,>=2 MeV
2024-08-16T19:30:00Z,16,45.90031052,>=2 MeV
2024-08-16T19:35:00Z,16,4.0,>=2 MeV
2024-08-16T19:40:00Z,16,22.38183403,>=2 MeV
2024-08-16T19:45:00Z,16,31.87981606,>=2 MeV
2024-08-16T19:50:00Z,16,4.0,>=2 MeV
2024-08-16T19:55:00Z,16,54.62432098,>=2 MeV
2024-08-16T20:00:00Z,16,64.81715393,>=2 MeV
2024-08-16T20:05:00Z,16,36.49986649,>=2 MeV
2024-08-16T20:10:00Z,16,60.53953171,>=2 MeV
2024-08-16T20:15:00Z,16,4.0,>=2 MeV
2024-08-16T20:20:00Z,16,4.0,>=2 MeV
2024-08-16T20:25:00Z,16,78.33270264,>=2 MeV
2024-08-16T20:30:00Z,16,4.0,>=2 MeV
2024-08-16T20:35:00Z,16,51.7665596,>=2 MeV
2024-08-16T20:40:00Z,16,4.0,>=2 MeV
2024-08-16T20:45:00Z,16,60.61355591,>=2 MeV
2024-08-16T20:50:00Z,16,4.0,>=2 MeV
2024-08-16T20:55:00Z,16,71.8347702,>=2 MeV
2024-08-16T21:00:00Z,16,7.229118824,>=2 MeV
2024-08-16T21:05:00Z,16,4.0,>=2 MeV
2024-08-16T21:10:00Z,16,16.12563896,>=2 MeV
2024-08-16T21:15:00Z,16,63.09583282,>=2 MeV
2024-08-16T21:20:00Z,16,20.57580948,>=2 MeV
2024-08-16T21:25:00Z,16,120.8053131,>=2 MeV
2024-08-16T21:30:00Z,16,4.0,>=2 MeV
2024-08-16T21:35:00Z,16,34.20112228,>=2 MeV
2024-08-16T21:40:00Z,16,4.0,>=2 MeV
2024-08-16T21:45:00Z,16,4.0,>=2 MeV
2024-08-16T21:50:00Z,16,4.0,>=2 MeV
2024-08-16T21:55:00Z,16,4.0,>=2 MeV
2024-08-16T22:00:00Z,16,42.85287094,>=2 MeV
2024-08-16T22:05:00Z,16,4.0,>=2 MeV
2024-08-16T22:10:00Z,16,44.90260696,>=2 MeV
2024-08-16T22:15:00Z,16,7.916901112,>=2 MeV
2024-08-16T22:20:00Z,16,29.40953445,>=2 MeV
2024-08-16T22:25:00Z,16,16.64319992,>=2 MeV
2024-08-16T22:30:00Z,16,4.0,>=2 MeV
2024-08-16T22:35:00Z,16,27.67897606,>=2 MeV
2024-08-16T22:40:00Z,16,36.84185791,>=2 MeV
2024-08-16T22:45:00Z,16,80.40246582,>=2 MeV
2024-08-16T22:50:00Z,16,12.32458782,>=2 MeV
2024-08-16T22:55:00Z,16,4.0,>=2 MeV
2024-08-16T23:00:00Z,16,26.95199776,>=2 MeV
2024-08-16T23:05:00Z,16,4.0,>=2 MeV
2024-08-16T23:10:00Z,16,4.0,>=2 MeV
2024-08-16T23:15:00Z,16,4.0,>=2 MeV
2024-08-16T23:20:00Z,16,4.0,>=2 MeV
2024-08-16T23:25:00Z,16,4.0,>=2 MeV
2024-08-16T23:30:00Z,16,4.0,>=2 MeV
2024-08-16T23:35:00Z,16,66.99316406,>=2 MeV
2024-08-16T23:40:00Z,16,18.8073349,>=2 MeV
2024-08-16T23:45:00Z,16,4.0,>=2 MeV
2024-08-16T23:50:00Z,16,18.69719315,>=2 MeV
2024-08-16T23:55:00Z,16,131.5939484,>=2 MeV
2024-08-17T00:00:00Z,16,4.0,>=2 MeV
2024-08-17T00:05:00Z,16,27.57365227,>=2 MeV
2024-08-17T00:10:00Z,16,22.57263184,>=2 MeV
2024-08-17T00:15:00Z,16,26.99535751,>=2 MeV
2024-08-17T00:20:00Z,16,9.471394539,>=2 MeV
2024-08-17T00:25:00Z,16,4.0,>=2 MeV
2024-08-17T00:30:00Z,16,24.94678688,>=2 MeV
2024-08-17T00:35:00Z,16,80.83053589,>=2 MeV
2024-08-17T00:40:00Z,16,4.0,>=2 MeV
2024-08-17T00:45:00Z,16,6.627075672,>=2 MeV
2024-08-17T00:50:00Z,16,91.97059631,>=2 MeV
2024-08-17T00:55:00Z,16,4.0,>=2 MeV
2024-08-17T01:00:00Z,16,26.4055748,>=2 MeV
2024-08-17T01:05:00Z,16,25.28072166,>=2 MeV
2024-08-17T01:10:00Z,16,19.87654495,>=2 MeV
2024-08-17T01:15:00Z,16,4.0,>=2 MeV
2024-08-17T01:20:00Z,16,4.0,>=2 MeV
2024-08-17T01:25:00Z,16,4.0,>=2 MeV
2024-08-17T01:30:00Z,16,5.562366486,>=2 MeV
2024-08-17T01:35:00Z,16,55.38874435,>=2 MeV
2024-08-17T01:40:00Z,16,13.74491596,>=2 MeV
2024-08-17T01:45:00Z,16,25.6372757,>=2 MeV
2024-08-17T01:50:00Z,16,4.0,>=2 MeV
2024-08-17T01:55:00Z,16,36.26701355,>=2 MeV
2024-08-17T02:00:00Z,16,6.943710327,>=2 MeV
2024-08-17T02:05:00Z,16,7.300172329,>=2 MeV
2024-08-17T02:10:00Z,16,4.0,>=2 MeV
2024-08-17T02:15:00Z,16,4.0,>=2 MeV
2024-08-17T02:20:00Z,16,4.0,>=2 MeV
2024-08-17T02:25:00Z,16,4.0,>=2 MeV
2024-08-17T02:30:00Z,16,4.0,>=2 MeV
2024-08-17T02:35:00Z,16,4.0,>=2 MeV
2024-08-17T02:40:00Z,16,4.0,>=2 MeV
2024-08-17T02:45:00Z,16,41.93335724,>=2 MeV
2024-08-17T02:50:00Z,16,103.1454544,>=2 MeV
2024-08-17T02:55:00Z,16,11.28860188,>=2 MeV
2024-08-17T03:00:00Z,16,4.0,>=2 MeV
2024-08-17T03:05:00Z,16,4.0,>=2 MeV
2024-08-17T03:10:00Z,16,69.73779297,>=2 MeV
2024-08-17T03:15:00Z,16,4.0,>=2 MeV
2024-08-17T03:20:00Z,16,28.77075195,>=2 MeV
2024-08-17T03:25:00Z,16,4.0,>=2 MeV
2024-08-17T03:30:00Z,16,13.70739269,>=2 MeV
2024-08-17T03:35:00Z,16,4.0,>=2 MeV
2024-08-17T03:40:00Z,16,4.0,>=2 MeV
2024-08-17T03:45:00Z,16,54.22904205,>=2 MeV
2024-08-17T03:50:00Z,16,6.795286179,>=2 MeV
2024-08-17T03:55:00Z,16,27.04586792,>=2 MeV
2024-08-17T04:00:00Z,16,4.0,>=2 MeV
2024-08-17T04:05:00Z,16,4.0,>=2 MeV
2024-08-17T04:10:00Z,16,33.74227905,>=2 MeV
2024-08-17T04:15:00Z,16,45.53898239,>=2 MeV
2024-08-17T04:20:00Z,16,16.2107563,>=2 MeV
2024-08-17T04:25:00Z,16,51.71987152,>=2 MeV
2024-08-17T04:30:00Z,16,4.0,>=2 MeV
2024-08-17T04:35:00Z,16,22.58115959,>=2 MeV
2024-08-17T04:40:00Z,16,4.0,>=2 MeV
2024-08-17T04:45:00Z,16,24.92586327,>=2 MeV
2024-08-17T04:50:00Z,16,18.60973549,>=2 MeV
2024-08-17T04:55:00Z,16,4.0,>=2 MeV
2024-08-17T05:00:00Z,16,4.0,>=2 MeV
2024-08-17T05:05:00Z,16,104.9014893,>=2 MeV
2024-08-17T05:10:00Z,16,4.0,>=2 MeV
2024-08-17T05:15:00Z,16,4.0,>=2 MeV
2024-08-17T05:20:00Z,16,4.0,>=2 MeV
2024-08-17T05:25:00Z,16,29.28424072,>=2 MeV
2024-08-17T05:30:00Z,16,24.47179031,>=2 MeV
2024-08-17T05:35:00Z,16,55.46714401,>=2 MeV
2024-08-17T05:40:00Z,16,4.0,>=2 MeV
2024-08-17T05:45:00Z,16,4.0,>=2 MeV
2024-08-17T05:50:00Z,16,11.3404274,>=2 MeV
2024-08-17T05:55:00Z,16,4.0,>=2 MeV
2024-08-17T06:00:00Z,16,22.51046753,>=2 MeV
2024-08-17T06:05:00Z,16,27.48840523,>=2 MeV
2024-08-17T06:10:00Z,16,4.0,>=2 MeV
2024-08-17T06:15:00Z,16,18.07846832,>=2 MeV
2024-08-17T06:20:00Z,16,4.0,>=2 MeV
2024-08-17T06:25:00Z,16,27.78830147,>=2 MeV
2024-08-17T06:30:00Z,16,4.0,>=2 MeV
2024-08-17T06:35:00Z,16,109.179039,>=2 MeV
2024-08-17T06:40:00Z,16,15.67319107,>=2 MeV
2024-08-17T06:45:00Z,16,4.0,>=2 MeV
2024-08-17T06:50:00Z,16,4.0,>=2 MeV
2024-08-17T06:55:00Z,16,109.2562103,>=2 MeV
2024-08-17T07:00:00Z,16,4.0,>=2 MeV
2024-08-17T07:05:00Z,16,4.0,>=2 MeV
2024-08-17T07:10:00Z,16,4.0,>=2 MeV
2024-08-17T07:15:00Z,16,4.0,>=2 MeV
2024-08-17T07:20:00Z,16,4.0,>=2 MeV
2024-08-17T07:25:00Z,16,4.0,>=2 MeV
2024-08-17T07:30:00Z,16,4.0,>=2 MeV
2024-08-17T07:35:00Z,16,7.174905777,>=2 MeV
2024-08-17T07:40:00Z,16,27.56742096,>=2 MeV
2024-08-17T07:45:00Z,16,4.0,>=2 MeV
2024-08-17T07:50:00Z,16,4.0,>=2 MeV
2024-08-17T07:55:00Z,16,4.0,>=2 MeV
2024-08-17T08:00:00Z,16,4.0,>=2 MeV
2024-08-17T08:05:00Z,16,20.18383598,>=2 MeV
2024-08-17T08:10:00Z,16,4.0,>=2 MeV
2024-08-17T08:15:00Z,16,4.734434605,>=2 MeV
2024-08-17T08:20:00Z,16,4.0,>=2 MeV
2024-08-17T08:25:00Z,16,4.0,>=2 MeV
2024-08-17T08:30:00Z,16,4.0,>=2 MeV
2024-08-17T08:35:00Z,16,4.0,>=2 MeV
2024-08-17T08:40:00Z,16,91.97867584,>=2 MeV
2024-08-17T08:45:00Z,16,4.0,>=2 MeV
2024-08-17T08:50:00Z,16,4.0,>=2 MeV
2024-08-17T08:55:00Z,16,4.0,>=2 MeV
2024-08-17T09:00:00Z,16,4.0,>=2 MeV
2024-08-17T09:05:00Z,16,48.1434288,>=2 MeV
2024-08-17T09:10:00Z,16,4.0,>=2 MeV
2024-08-17T09:15:00Z,16,4.0,>=2 MeV
2024-08-17T09:20:00Z,16,75.06034088,>=2 MeV
2024-08-17T09:25:00Z,16,55.89449692,>=2 MeV
2024-08-17T09:30:00Z,16,4.0,>=2 MeV
2024-08-17T09:35:00Z,16,4.0,>=2 MeV
2024-08-17T09:40:00Z,16,4.0,>=2 MeV
2024-08-17T09:45:00Z,16,4.0,>=2 MeV
2024-08-17T09:50:00Z,16,24.65107155,>=2 MeV
2024-08-17T09:55:00Z,16,4.0,>=2 MeV
2024-08-17T10:00:00Z,16,51.71520233,>=2 MeV
2024-08-17T10:05:00Z,16,40.38794327,>=2 MeV
2024-08-17T10:10:00Z,16,62.01436615,>=2 MeV
2024-08-17T10:15:00Z,16,73.39618683,>=2 MeV
2024-08-17T10:20:00Z,16,109.2719727,>=2 MeV
2024-08-17T10:25:00Z,16,4.0,>=2 MeV
2024-08-17T10:30:00Z,16,4.0,>=2 MeV
2024-08-17T10:35:00Z,16,4.0,>=2 MeV
2024-08-17T10:40:00Z,16,4.0,>=2 MeV
2024-08-17T10:45:00Z,16,74.00756073,>=2 MeV
2024-08-17T10:50:00Z,16,121.8378983,>=2 MeV
2024-08-17T10:55:00Z,16,4.0,>=2 MeV
2024-08-17T11:00:00Z,16,50.75580597,>=2 MeV
2024-08-17T11:05:00Z,16,4.0,>=2 MeV
2024-08-17T11:10:00Z,16,4.0,>=2 MeV
2024-08-17T11:15:00Z,16,23.70162773,>=2 MeV
2024-08-17T11:20:00Z,16,4.0,>=2 MeV
2024-08-17T11:25:00Z,16,60.20542145,>=2 MeV
2024-08-17T11:30:00Z,16,4.0,>=2 MeV
2024-08-17T11:35:00Z,16,79.82699585,>=2 MeV
2024-08-17T11:40:00Z,16,4.0,>=2 MeV
2024-08-17T11:45:00Z,16,4.0,>=2 MeV
2024-08-17T11:50:00Z,16,4.0,>=2 MeV
2024-08-17T11:55:00Z,16,55.90765762,>=2 MeV
2024-08-17T12:00:00Z,16,69.10384369,>=2 MeV
2024-08-17T12:05:00Z,16,77.75119781,>=2 MeV
2024-08-17T12:10:00Z,16,4.0,>=2 MeV
2024-08-17T12:15:00Z,16,35.92476654,>=2 MeV
2024-08-17T12:20:00Z,16,4.0,>=2 MeV
2024-08-17T12:25:00Z,16,93.09919739,>=2 MeV
2024-08-17T12:30:00Z,16,48.74456024,>=2 MeV
2024-08-17T12:35:00Z,16,7.598679543,>=2 MeV
2024-08-17T12:40:00Z,16,46.70273972,>=2 MeV
2024-08-17T12:45:00Z,16,55.67572784,>=2 MeV
2024-08-17T12:50:00Z,16,70.43544769,>=2 MeV
2024-08-17T12:55:00Z,16,4.0,>=2 MeV
2024-08-17T13:00:00Z,16,38.26776886,>=2 MeV
2024-08-17T13:05:00Z,16,8.619501114,>=2 MeV
2024-08-17T13:10:00Z,16,59.34277725,>=2 MeV
2024-08-17T13:15:00Z,16,46.7057991,>=2 MeV
2024-08-17T13:20:00Z,16,23.75561523,>=2 MeV
2024-08-17T13:25:00Z,16,73.27275848,>=2 MeV
2024-08-17T13:30:00Z,16,8.82800293,>=2 MeV
2024-08-17T13:35:00Z,16,20.27733803,>=2 MeV
2024-08-17T13:40:00Z,16,4.0,>=2 MeV
2024-08-17T13:45:00Z,16,107.0860825,>=2 MeV
2024-08-17T13:50:00Z,16,66.36754608,>=2 MeV
2024-08-17T13:55:00Z,16,10.88609123,>=2 MeV
2024-08-17T14:00:00Z,16,4.0,>=2 MeV
2024-08-17T14:05:00Z,16,4.0,>=2 MeV
2024-08-17T14:10:00Z,16,129.5270996,>=2 MeV
2024-08-17T14:15:00Z,16,4.0,>=2 MeV
2024-08-17T14:20:00Z,16,4.0,>=2 MeV
2024-08-17T14:25:00Z,16,178.2745972,>=2 MeV
2024-08-17T14:30:00Z,16,272.4898376,>=2 MeV
2024-08-17T14:35:00Z,16,137.2795563,>=2 MeV
2024-08-17T14:40:00Z,16,94.35179901,>=2 MeV
2024-08-17T14:45:00Z,16,252.43573,>=2 MeV
2024-08-17T14:50:00Z,16,243.0639648,>=2 MeV
2024-08-17T14:55:00Z,16,156.4057312,>=2 MeV
2024-08-17T15:00:00Z,16,143.1090851,>=2 MeV
2024-08-17T15:05:00Z,16,175.6891785,>=2 MeV
2024-08-17T15:10:00Z,16,153.7724609,>=2 MeV
2024-08-17T15:15:00Z,16,236.2672272,>=2 MeV
2024-08-17T15:20:00Z,16,241.4635468,>=2 MeV
2024-08-17T15:25:00Z,16,98.80295563,>=2 MeV
2024-08-17T15:30:00Z,16,136.6889648,>=2 MeV
2024-08-17T15:35:00Z,16,96.63711548,>=2 MeV
2024-08-17T15:40:00Z,16,101.4003906,>=2 MeV
2024-08-17T15:45:00Z,16,148.5725403,>=2 MeV
2024-08-17T15:50:00Z,16,135.6825714,>=2 MeV
2024-08-17T15:55:00Z,16,167.758606,>=2 MeV
2024-08-17T16:00:00Z,16,71.01407623,>=2 MeV
2024-08-17T16:05:00Z,16,164.485611,>=2 MeV
2024-08-17T16:10:00Z,16,125.461586,>=2 MeV
2024-08-17T16:15:00Z,16,260.6933899,>=2 MeV
2024-08-17T16:20:00Z,16,138.4484253,>=2 MeV
2024-08-17T16:25:00Z,16,91.07026672,>=2 MeV
2024-08-17T16:30:00Z,16,98.46359253,>=2 MeV
2024-08-17T16:35:00Z,16,82.86248016,>=2 MeV
2024-08-17T16:40:00Z,16,12.16260242,>=2 MeV
2024-08-17T16:45:00Z,16,10.86659622,>=2 MeV
2024-08-17T16:50:00Z,16,118.0491638,>=2 MeV
2024-08-17T16:55:00Z,16,4.0,>=2 MeV
2024-08-17T17:00:00Z,16,4.0,>=2 MeV
2024-08-17T17:05:00Z,16,4.0,>=2 MeV
2024-08-17T17:10:00Z,16,99.20861053,>=2 MeV
2024-08-17T17:15:00Z,16,4.0,>=2 MeV
2024-08-17T17:20:00Z,16,13.4406662,>=2 MeV
2024-08-17T17:25:00Z,16,4.0,>=2 MeV
2024-08-17T17:30:00Z,16,4.0,>=2 MeV
2024-08-17T17:35:00Z,16,24.22600174,>=2 MeV
2024-08-17T17:40:00Z,16,4.0,>=2 MeV
2024-08-17T17:45:00Z,16,4.0,>=2 MeV
2024-08-17T17:50:00Z,16,4.0,>=2 MeV
2024-08-17T17:55:00Z,16,4.0,>=2 MeV
2024-08-17T18:00:00Z,16,4.0,>=2 MeV
2024-08-17T18:05:00Z,16,4.0,>=2 MeV
2024-08-17T18:10:00Z,16,4.0,>=2 MeV
2024-08-17T18:15:00Z,16,30.68418694,>=2 MeV
2024-08-17T18:20:00Z,16,18.42492867,>=2 MeV
2024-08-17T18:25:00Z,16,4.0,>=2 MeV
2024-08-17T18:30:00Z,16,4.0,>=2 MeV
2024-08-17T18:35:00Z,16,53.96376038,>=2 MeV
2024-08-17T18:40:00Z,16,17.6585331,>=2 MeV
2024-08-17T18:45:00Z,16,4.0,>=2 MeV
2024-08-17T18:50:00Z,16,4.0,>=2 MeV
2024-08-17T18:55:00Z,16,4.0,>=2 MeV
2024-08-17T19:00:00Z,16,4.0,>=2 MeV
2024-08-17T19:05:00Z,16,4.0,>=2 MeV
2024-08-17T19:10:00Z,16,4.0,>=2 MeV
2024-08-17T19:15:00Z,16,4.0,>=2 MeV
2024-08-17T19:20:00Z,16,4.0,>=2 MeV
2024-08-17T19:25:00Z,16,4.0,>=2 MeV
2024-08-17T19:30:00Z,16,4.0,>=2 MeV
2024-08-17T19:35:00Z,16,4.0,>=2 MeV
2024-08-17T19:40:00Z,16,4.0,>=2 MeV
2024-08-17T19:45:00Z,16,32.29239655,>=2 MeV
2024-08-17T19:50:00Z,16,4.0,>=2 MeV
2024-08-17T19:55:00Z,16,43.60471344,>=2 MeV
2024-08-17T20:00:00Z,16,15.72776985,>=2 MeV
2024-08-17T20:05:00Z,16,4.0,>=2 MeV
2024-08-17T20:10:00Z,16,4.0,>=2 MeV
2024-08-17T20:15:00Z,16,67.00260925,>=2 MeV
2024-08-17T20:20:00Z,16,4.0,>=2 MeV
2024-08-17T20:25:00Z,16,19.74145508,>=2 MeV
2024-08-17T20:30:00Z,16,4.0,>=2 MeV
2024-08-17T20:35:00Z,16,22.09629631,>=2 MeV
2024-08-17T20:40:00Z,16,4.0,>=2 MeV
2024-08-17T20:45:00Z,16,41.73074341,>=2 MeV
2024-08-17T20:50:00Z,16,4.0,>=2 MeV
2024-08-17T20:55:00Z,16,33.95886993,>=2 MeV
2024-08-17T21:00:00Z,16,4.0,>=2 MeV
2024-08-17T21:05:00Z,16,4.0,>=2 MeV
2024-08-17T21:10:00Z,16,4.0,>=2 MeV
2024-08-17T21:15:00Z,16,4.0,>=2 MeV
2024-08-17T21:20:00Z,16,33.39558029,>=2 MeV
2024-08-17T21:25:00Z,16,10.03340054,>=2 MeV
2024-08-17T21:30:00Z,16,4.0,>=2 MeV
2024-08-17T21:35:00Z,16,4.0,>=2 MeV
2024-08-17T21:40:00Z,16,4.0,>=2 MeV
2024-08-17T21:45:00Z,16,4.0,>=2 MeV
2024-08-17T21:50:00Z,16,4.0,>=2 MeV
2024-08-17T21:55:00Z,16,31.88930321,>=2 MeV
2024-08-17T22:00:00Z,16,44.1400528,>=2 MeV
2024-08-17T22:05:00Z,16,4.0,>=2 MeV
2024-08-17T22:10:00Z,16,66.72608185,>=2 MeV
2024-08-17T22:15:00Z,16,4.0,>=2 MeV
2024-08-17T22:20:00Z,16,4.0,>=2 MeV
2024-08-17T22:25:00Z,16,4.0,>=2 MeV
2024-08-17T22:30:00Z,16,15.73070812,>=2 MeV
2024-08-17T22:35:00Z,16,160.4719849,>=2 MeV
2024-08-17T22:40:00Z,16,4.0,>=2 MeV
2024-08-17T22:45:00Z,16,51.50344849,>=2 MeV
2024-08-17T22:50:00Z,16,4.0,>=2 MeV
2024-08-17T22:55:00Z,16,4.0,>=2 MeV
2024-08-17T23:00:00Z,16,4.0,>=2 MeV
2024-08-17T23:05:00Z,16,56.1272583,>=2 MeV
2024-08-17T23:10:00Z,16,4.0,>=2 MeV
2024-08-17T23:15:00Z,16,4.0,>=2 MeV
2024-08-17T23:20:00Z,16,34.27030945,>=2 MeV
2024-08-17T23:25:00Z,16,11.61145687,>=2 MeV
2024-08-17T23:30:00Z,16,4.0,>=2 MeV
2024-08-17T23:35:00Z,16,4.0,>=2 MeV
2024-08-17T23:40:00Z,16,4.0,>=2 MeV
2024-08-17T23:45:00Z,16,69.68332672,>=2 MeV
2024-08-17T23:50:00Z,16,4.0,>=2 MeV
2024-08-17T23:55:00Z,16,33.32741928,>=2 MeV
2024-08-18T00:00:00Z,16,14.59509277,>=2 MeV
2024-08-18T00:05:00Z,16,29.0187149,>=2 MeV
2024-08-18T00:10:00Z,16,4.0,>=2 MeV
2024-08-18T00:15:00Z,16,4.0,>=2 MeV
2024-08-18T00:20:00Z,16,4.0,>=2 MeV
2024-08-18T00:25:00Z,16,7.471439362,>=2 MeV
2024-08-18T00:30:00Z,16,54.58906174,>=2 MeV
2024-08-18T00:35:00Z,16,4.0,>=2 MeV
2024-08-18T00:40:00Z,16,4.0,>=2 MeV
2024-08-18T00:45:00Z,16,4.0,>=2 MeV
2024-08-18T00:50:00Z,16,39.37382507,>=2 MeV
2024-08-18T00:55:00Z,16,4.0,>=2 MeV
2024-08-18T01:00:00Z,16,4.0,>=2 MeV
2024-08-18T01:05:00Z,16,4.0,>=2 MeV
2024-08-18T01:10:00Z,16,17.0575676,>=2 MeV
2024-08-18T01:15:00Z,16,9.596783638,>=2 MeV
2024-08-18T01:20:00Z,16,29.87508583,>=2 MeV
2024-08-18T01:25:00Z,16,4.0,>=2 MeV
2024-08-18T01:30:00Z,16,82.36597443,>=2 MeV
2024-08-18T01:35:00Z,16,4.0,>=2 MeV
2024-08-18T01:40:00Z,16,4.820765972,>=2 MeV
2024-08-18T01:45:00Z,16,4.0,>=2 MeV
2024-08-18T01:50:00Z,16,4.0,>=2 MeV
2024-08-18T01:55:00Z,16,4.0,>=2 MeV
2024-08-18T02:00:00Z,16,4.0,>=2 MeV
2024-08-18T02:05:00Z,16,4.0,>=2 MeV
2024-08-18T02:10:00Z,16,4.0,>=2 MeV
2024-08-18T02:15:00Z,16,4.0,>=2 MeV
2024-08-18T02:20:00Z,16,34.38197327,>=2 MeV
2024-08-18T02:25:00Z,16,17.22780609,>=2 MeV
2024-08-18T02:30:00Z,16,4.0,>=2 MeV
2024-08-18T02:35:00Z,16,28.01880646,>=2 MeV
2024-08-18T02:40:00Z,16,4.0,>=2 MeV
2024-08-18T02:45:00Z,16,4.0,>=2 MeV
2024-08-18T02:50:00Z,16,4.0,>=2 MeV
2024-08-18T02:55:00Z,16,4.0,>=2 MeV
2024-08-18T03:00:00Z,16,4.0,>=2 MeV
2024-08-18T03:05:00Z,16,47.4728241,>=2 MeV
2024-08-18T03:10:00Z,16,4.0,>=2 MeV
2024-08-18T03:15:00Z,16,24.73191833,>=2 MeV
2024-08-18T03:20:00Z,16,4.0,>=2 MeV
2024-08-18T03:25:00Z,16,4.0,>=2 MeV
2024-08-18T03:30:00Z,16,44.63275146,>=2 MeV
2024-08-18T03:35:00Z,16,4.0,>=2 MeV
2024-08-18T03:40:00Z,16,4.0,>=2 MeV
2024-08-18T03:45:00Z,16,4.0,>=2 MeV
2024-08-18T03:50:00Z,16,8.390536308,>=2 MeV
2024-08-18T03:55:00Z,16,5.18024826,>=2 MeV
2024-08-18T04:00:00Z,16,4.0,>=2 MeV
2024-08-18T04:05:00Z,16,4.0,>=2 MeV
2024-08-18T04:10:00Z,16,4.0,>=2 MeV
2024-08-18T04:15:00Z,16,4.0,>=2 MeV
2024-08-18T04:20:00Z,16,4.0,>=2 MeV
2024-08-18T04:25:00Z,16,4.0,>=2 MeV
2024-08-18T04:30:00Z,16,4.0,>=2 MeV
2024-08-18T04:35:00Z,16,4.0,>=2 MeV
2024-08-18T04:40:00Z,16,4.0,>=2 MeV
2024-08-18T04:45:00Z,16,4.0,>=2 MeV
2024-08-18T04:50:00Z,16,4.0,>=2 MeV
2024-08-18T04:55:00Z,16,4.0,>=2 MeV
2024-08-18T05:00:00Z,16,4.0,>=2 MeV
2024-08-18T05:05:00Z,16,4.0,>=2 MeV
2024-08-18T05:10:00Z,16,4.0,>=2 MeV
2024-08-18T05:15:00Z,16,24.44487,>=2 MeV
2024-08-18T05:20:00Z,16,15.83410454,>=2 MeV
2024-08-18T05:25:00Z,16,4.0,>=2 MeV
2024-08-18T05:30:00Z,16,4.0,>=2 MeV
2024-08-18T05:35:00Z,16,4.0,>=2 MeV
2024-08-18T05:40:00Z,16,4.0,>=2 MeV
2024-08-18T05:45:00Z,16,4.0,>=2 MeV
2024-08-18T05:50:00Z,16,4.0,>=2 MeV
2024-08-18T05:55:00Z,16,4.0,>=2 MeV
2024-08-18T06:00:00Z,16,4.0,>=2 MeV
2024-08-18T06:05:00Z,16,24.00865936,>=2 MeV
2024-08-18T06:10:00Z,16,4.085546494,>=2 MeV
2024-08-18T06:15:00Z,16,4.0,>=2 MeV
2024-08-18T06:20:00Z,16,4.0,>=2 MeV
2024-08-18T06:25:00Z,16,4.0,>=2 MeV
2024-08-18T06:30:00Z,16,4.0,>=2 MeV
2024-08-18T06:35:00Z,16,4.0,>=2 MeV
2024-08-18T06:40:00Z,16,4.0,>=2 MeV
2024-08-18T06:45:00Z,16,4.0,>=2 MeV
2024-08-18T06:50:00Z,16,4.0,>=2 MeV
2024-08-18T06:55:00Z,16,4.0,>=2 MeV
2024-08-18T07:00:00Z,16,4.0,>=2 MeV
2024-08-18T07:05:00Z,16,18.15721321,>=2 MeV
2024-08-18T07:10:00Z,16,4.0,>=2 MeV
2024-08-18T07:15:00Z,16,4.0,>=2 MeV
2024-08-18T07:20:00Z,16,4.0,>=2 MeV
2024-08-18T07:25:00Z,16,4.0,>=2 MeV
2024-08-18T07:30:00Z,16,4.0,>=2 MeV
2024-08-18T07:35:00Z,16,4.0,>=2 MeV
2024-08-18T07:40:00Z,16,14.039258,>=2 MeV
2024-08-18T07:45:00Z,16,4.0,>=2 MeV
2024-08-18T07:50:00Z,16,4.0,>=2 MeV
2024-08-18T07:55:00Z,16,4.0,>=2 MeV
2024-08-18T08:00:00Z,16,4.0,>=2 MeV
2024-08-18T08:05:00Z,16,4.0,>=2 MeV
2024-08-18T08:10:00Z,16,4.0,>=2 MeV
2024-08-18T08:15:00Z,16,4.0,>=2 MeV
2024-08-18T08:20:00Z,16,4.0,>=2 MeV
2024-08-18T08:25:00Z,16,4.0,>=2 MeV
2024-08-18T08:30:00Z,16,21.95295143,>=2 MeV
2024-08-18T08:35:00Z,16,4.0,>=2 MeV
2024-08-18T08:40:00Z,16,4.0,>=2 MeV
2024-08-18T08:45:00Z,16,4.0,>=2 MeV
2024-08-18T08:50:00Z,16,4.0,>=2 MeV
2024-08-18T08:55:00Z,16,4.0,>=2 MeV
2024-08-18T09:00:00Z,16,4.0,>=2 MeV
2024-08-18T09:05:00Z,16,4.0,>=2 MeV
2024-08-18T09:10:00Z,16,4.0,>=2 MeV
2024-08-18T09:15:00Z,16,4.0,>=2 MeV
2024-08-18T09:20:00Z,16,4.0,>=2 MeV
2024-08-18T09:25:00Z,16,4.0,>=2 MeV
2024-08-18T09:30:00Z,16,4.0,>=2 MeV
2024-08-18T09:35:00Z,16,4.0,>=2 MeV
2024-08-18T09:40:00Z,16,4.0,>=2 MeV
2024-08-18T09:45:00Z,16,4.0,>=2 MeV
2024-08-18T09:50:00Z,16,4.0,>=2 MeV
2024-08-18T09:55:00Z,16,4.0,>=2 MeV
2024-08-18T10:00:00Z,16,53.50692368,>=2 MeV
2024-08-18T10:05:00Z,16,4.0,>=2 MeV
2024-08-18T10:10:00Z,16,4.0,>=2 MeV
2024-08-18T10:15:00Z,16,10.84508896,>=2 MeV
2024-08-18T10:20:00Z,16,4.0,>=2 MeV
2024-08-18T10:25:00Z,16,4.0,>=2 MeV
2024-08-18T10:30:00Z,16,51.13100052,>=2 MeV
2024-08-18T10:35:00Z,16,4.0,>=2 MeV
2024-08-18T10:40:00Z,16,4.0,>=2 MeV
2024-08-18T10:45:00Z,16,4.0,>=2 MeV
2024-08-18T10:50:00Z,16,4.0,>=2 MeV
2024-08-18T10:55:00Z,16,4.0,>=2 MeV
2024-08-18T11:00:00Z,16,4.0,>=2 MeV
2024-08-18T11:05:00Z,16,4.0,>=2 MeV
2024-08-18T11:10:00Z,16,4.0,>=2 MeV
2024-08-18T11:15:00Z,16,4.0,>=2 MeV
2024-08-18T11:20:00Z,16,4.0,>=2 MeV
2024-08-18T11:25:00Z,16,4.0,>=2 MeV
2024-08-18T11:30:00Z,16,4.0,>=2 MeV
2024-08-18T11:35:00Z,16,4.0,>=2 MeV
2024-08-18T11:40:00Z,16,4.0,>=2 MeV
2024-08-18T11:45:00Z,16,4.0,>=2 MeV
2024-08-18T11:50:00Z,16,4.0,>=2 MeV
2024-08-18T11:55:00Z,16,4.0,>=2 MeV
2024-08-18T12:00:00Z,16,4.0,>=2 MeV
2024-08-18T12:05:00Z,16,30.99257278,>=2 MeV
2024-08-18T12:10:00Z,16,4.0,>=2 MeV
2024-08-18T12:15:00Z,16,4.0,>=2 MeV
2024-08-18T12:20:00Z,16,4.0,>=2 MeV
2024-08-18T12:25:00Z,16,4.0,>=2 MeV
2024-08-18T12:30:00Z,16,10.92213154,>=2 MeV
2024-08-18T12:35:00Z,16,4.0,>=2 MeV
2024-08-18T12:40:00Z,16,97.85144806,>=2 MeV
2024-08-18T12:45:00Z,16,4.0,>=2 MeV
2024-08-18T12:50:00Z,16,22.21553993,>=2 MeV
2024-08-18T12:55:00Z,16,4.0,>=2 MeV
2024-08-18T13:00:00Z,16,4.0,>=2 MeV
2024-08-18T13:05:00Z,16,4.0,>=2 MeV
2024-08-18T13:10:00Z,16,4.0,>=2 MeV
2024-08-18T13:15:00Z,16,6.708000183,>=2 MeV
2024-08-18T13:20:00Z,16,65.10249329,>=2 MeV
2024-08-18T13:25:00Z,16,58.09679031,>=2 MeV
2024-08-18T13:30:00Z,16,4.0,>=2 MeV
2024-08-18T13:35:00Z,16,11.96140099,>=2 MeV
2024-08-18T13:40:00Z,16,39.89636612,>=2 MeV
2024-08-18T13:45:00Z,16,4.0,>=2 MeV
2024-08-18T13:50:00Z,16,4.185568333,>=2 MeV
2024-08-18T13:55:00Z,16,4.39727211,>=2 MeV
2024-08-18T14:00:00Z,16,4.0,>=2 MeV
2024-08-18T14:05:00Z,16,4.0,>=2 MeV
2024-08-18T14:10:00Z,16,4.0,>=2 MeV
2024-08-18T14:15:00Z,16,4.0,>=2 MeV
2024-08-18T14:20:00Z,16,4.0,>=2 MeV
2024-08-18T14:25:00Z,16,4.0,>=2 MeV
2024-08-18T14:30:00Z,16,4.0,>=2 MeV
2024-08-18T14:35:00Z,16,4.0,>=2 MeV
2024-08-18T14:40:00Z,16,4.0,>=2 MeV
2024-08-18T14:45:00Z,16,4.0,>=2 MeV
2024-08-18T14:50:00Z,16,4.694382668,>=2 MeV
2024-08-18T14:55:00Z,16,4.0,>=2 MeV
2024-08-18T15:00:00Z,16,4.0,>=2 MeV
2024-08-18T15:05:00Z,16,4.0,>=2 MeV
2024-08-18T15:10:00Z,16,4.0,>=2 MeV
2024-08-18T15:15:00Z,16,4.0,>=2 MeV
2024-08-18T15:20:00Z,16,4.0,>=2 MeV
2024-08-18T15:25:00Z,16,53.61476898,>=2 MeV
2024-08-18T15:30:00Z,16,4.0,>=2 MeV
2024-08-18T15:35:00Z,16,4.0,>=2 MeV
2024-08-18T15:40:00Z,16,4.0,>=2 MeV
2024-08-18T15:45:00Z,16,4.0,>=2 MeV
2024-08-18T15:50:00Z,16,47.37579346,>=2 MeV
2024-08-18T15:55:00Z,16,4.0,>=2 MeV
2024-08-18T16:00:00Z,16,4.0,>=2 MeV
2024-08-18T16:05:00Z,16,4.0,>=2 MeV
2024-08-18T16:10:00Z,16,4.0,>=2 MeV
2024-08-18T16:15:00Z,16,4.0,>=2 MeV
2024-08-18T16:20:00Z,16,4.0,>=2 MeV
2024-08-18T16:25:00Z,16,30.92489243,>=2 MeV
2024-08-18T16:30:00Z,16,4.0,>=2 MeV
2024-08-18T16:35:00Z,16,4.0,>=2 MeV
2024-08-18T16:40:00Z,16,4.0,>=2 MeV
2024-08-18T16:45:00Z,16,4.0,>=2 MeV
2024-08-18T16:50:00Z,16,4.0,>=2 MeV
2024-08-18T16:55:00Z,16,4.0,>=2 MeV
2024-08-18T17:00:00Z,16,4.0,>=2 MeV
2024-08-18T17:05:00Z,16,4.0,>=2 MeV
2024-08-18T17:10:00Z,16,42.70079041,>=2 MeV
2024-08-18T17:15:00Z,16,12.28243446,>=2 MeV
2024-08-18T17:20:00Z,16,15.00875568,>=2 MeV
2024-08-18T17:25:00Z,16,4.0,>=2 MeV
2024-08-18T17:30:00Z,16,4.0,>=2 MeV
2024-08-18T17:35:00Z,16,4.0,>=2 MeV
2024-08-18T17:40:00Z,16,30.81840706,>=2 MeV
2024-08-18T17:45:00Z,16,24.88755798,>=2 MeV
2024-08-18T17:50:00Z,16,64.87776184,>=2 MeV
2024-08-18T17:55:00Z,16,26.31976891,>=2 MeV
2024-08-18T18:00:00Z,16,4.0,>=2 MeV
2024-08-18T18:05:00Z,16,4.0,>=2 MeV
2024-08-18T18:10:00Z,16,4.0,>=2 MeV
2024-08-18T18:15:00Z,16,42.87542343,>=2 MeV
2024-08-18T18:20:00Z,16,4.0,>=2 MeV
2024-08-18T18:25:00Z,16,4.0,>=2 MeV
2024-08-18T18:30:00Z,16,4.0,>=2 MeV
2024-08-18T18:35:00Z,16,4.0,>=2 MeV
2024-08-18T18:40:00Z,16,4.0,>=2 MeV
2024-08-18T18:45:00Z,16,42.00053406,>=2 MeV
2024-08-18T18:50:00Z,16,4.0,>=2 MeV
2024-08-18T18:55:00Z,16,4.0,>=2 MeV
2024-08-18T19:00:00Z,16,37.10149765,>=2 MeV
2024-08-18T19:05:00Z,16,4.0,>=2 MeV
2024-08-18T19:10:00Z,16,4.0,>=2 MeV
2024-08-18T19:15:00Z,16,4.0,>=2 MeV
2024-08-18T19:20:00Z,16,4.0,>=2 MeV
2024-08-18T19:25:00Z,16,4.0,>=2 MeV
2024-08-18T19:30:00Z,16,4.0,>=2 MeV
2024-08-18T19:35:00Z,16,4.0,>=2 MeV
2024-08-18T19:40:00Z,16,4.0,>=2 MeV
2024-08-18T19:45:00Z,16,4.0,>=2 MeV
2024-08-18T19:50:00Z,16,16.16783333,>=2 MeV
2024-08-18T19:55:00Z,16,4.0,>=2 MeV
2024-08-18T20:00:00Z,16,4.0,>=2 MeV
2024-08-18T20:05:00Z,16,4.0,>=2 MeV
2024-08-18T20:10:00Z,16,4.0,>=2 MeV
2024-08-18T20:15:00Z,16,4.0,>=2 MeV
2024-08-18T20:20:00Z,16,4.0,>=2 MeV
2024-08-18T20:25:00Z,16,19.01930618,>=2 MeV
2024-08-18T20:30:00Z,16,4.0,>=2 MeV
2024-08-18T20:35:00Z,16,5.74655962,>=2 MeV
2024-08-18T20:40:00Z,16,4.0,>=2 MeV
2024-08-18T20:45:00Z,16,4.0,>=2 MeV
2024-08-18T20:50:00Z,16,4.0,>=2 MeV
2024-08-18T20:55:00Z,16,25.29338646,>=2 MeV
2024-08-18T21:00:00Z,16,4.0,>=2 MeV
2024-08-18T21:05:00Z,16,4.0,>=2 MeV
2024-08-18T21:10:00Z,16,34.54066849,>=2 MeV
2024-08-18T21:15:00Z,16,4.0,>=2 MeV
2024-08-18T21:20:00Z,16,4.0,>=2 MeV
2024-08-18T21:25:00Z,16,4.0,>=2 MeV
2024-08-18T21:30:00Z,16,4.0,>=2 MeV
2024-08-18T21:35:00Z,16,18.77318573,>=2 MeV
2024-08-18T21:40:00Z,16,15.9302578,>=2 MeV
2024-08-18T21:45:00Z,16,16.65423775,>=2 MeV
2024-08-18T21:50:00Z,16,36.60990143,>=2 MeV
2024-08-18T21:55:00Z,16,4.0,>=2 MeV
2024-08-18T22:00:00Z,16,4.0,>=2 MeV
2024-08-18T22:05:00Z,16,4.0,>=2 MeV
2024-08-18T22:10:00Z,16,4.0,>=2 MeV
2024-08-18T22:15:00Z,16,4.0,>=2 MeV
2024-08-18T22:20:00Z,16,4.0,>=2 MeV
2024-08-18T22:25:00Z,16,29.4558506,>=2 MeV
2024-08-18T22:30:00Z,16,56.60917664,>=2 MeV
2024-08-18T22:35:00Z,16,40.66041183,>=2 MeV
2024-08-18T22:40:00Z,16,4.0,>=2 MeV
2024-08-18T22:45:00Z,16,47.80757141,>=2 MeV
2024-08-18T22:50:00Z,16,43.12119293,>=2 MeV
2024-08-18T22:55:00Z,16,4.0,>=2 MeV
2024-08-18T23:00:00Z,16,4.0,>=2 MeV
2024-08-18T23:05:00Z,16,4.0,>=2 MeV
2024-08-18T23:10:00Z,16,4.0,>=2 MeV
2024-08-18T23:15:00Z,16,49.66030502,>=2 MeV
2024-08-18T23:20:00Z,16,27.05035019,>=2 MeV
2024-08-18T23:25:00Z,16,4.0,>=2 MeV
2024-08-18T23:30:00Z,16,4.0,>=2 MeV
2024-08-18T23:35:00Z,16,14.00647926,>=2 MeV
2024-08-18T23:40:00Z,16,13.90015793,>=2 MeV
2024-08-18T23:45:00Z,16,4.0,>=2 MeV
2024-08-18T23:50:00Z,16,4.0,>=2 MeV
2024-08-18T23:55:00Z,16,62.98369217,>=2 MeV
2024-08-19T00:00:00Z,16,4.0,>=2 MeV
2024-08-19T00:05:00Z,16,11.4807415,>=2 MeV
2024-08-19T00:10:00Z,16,4.0,>=2 MeV
2024-08-19T00:15:00Z,16,35.24486542,>=2 MeV
2024-08-19T00:20:00Z,16,34.5629921,>=2 MeV
2024-08-19T00:25:00Z,16,4.0,>=2 MeV
2024-08-19T00:30:00Z,16,4.0,>=2 MeV
2024-08-19T00:35:00Z,16,4.0,>=2 MeV
2024-08-19T00:40:00Z,16,31.8717308,>=2 MeV
2024-08-19T00:45:00Z,16,5.732664585,>=2 MeV
2024-08-19T00:50:00Z,16,14.43688488,>=2 MeV
2024-08-19T00:55:00Z,16,4.0,>=2 MeV
2024-08-19T01:00:00Z,16,4.0,>=2 MeV
2024-08-19T01:05:00Z,16,4.0,>=2 MeV
2024-08-19T01:10:00Z,16,4.0,>=2 MeV
2024-08-19T01:15:00Z,16,4.0,>=2 MeV
2024-08-19T01:20:00Z,16,4.0,>=2 MeV
2024-08-19T01:25:00Z,16,51.83795166,>=2 MeV
2024-08-19T01:30:00Z,16,4.0,>=2 MeV
2024-08-19T01:35:00Z,16,4.0,>=2 MeV
2024-08-19T01:40:00Z,16,4.0,>=2 MeV
2024-08-19T01:45:00Z,16,4.0,>=2 MeV
2024-08-19T01:50:00Z,16,15.95488167,>=2 MeV
2024-08-19T01:55:00Z,16,18.32438278,>=2 MeV
2024-08-19T02:00:00Z,16,4.0,>=2 MeV
2024-08-19T02:05:00Z,16,4.0,>=2 MeV
2024-08-19T02:10:00Z,16,4.0,>=2 MeV
2024-08-19T02:15:00Z,16,4.0,>=2 MeV
2024-08-19T02:20:00Z,16,4.0,>=2 MeV
2024-08-19T02:25:00Z,16,4.0,>=2 MeV
2024-08-19T02:30:00Z,16,4.0,>=2 MeV
2024-08-19T02:35:00Z,16,4.0,>=2 MeV
2024-08-19T02:40:00Z,16,11.66854668,>=2 MeV
2024-08-19T02:45:00Z,16,4.0,>=2 MeV
2024-08-19T02:50:00Z,16,4.0,>=2 MeV
2024-08-19T02:55:00Z,16,4.0,>=2 MeV
2024-08-19T03:00:00Z,16,4.0,>=2 MeV
2024-08-19T03:05:00Z,16,4.0,>=2 MeV
2024-08-19T03:10:00Z,16,4.0,>=2 MeV
2024-08-19T03:15:00Z,16,22.44770241,>=2 MeV
2024-08-19T03:20:00Z,16,4.0,>=2 MeV
2024-08-19T03:25:00Z,16,4.0,>=2 MeV
2024-08-19T03:30:00Z,16,4.0,>=2 MeV
2024-08-19T03:35:00Z,16,4.0,>=2 MeV
2024-08-19T03:40:00Z,16,4.0,>=2 MeV
2024-08-19T03:45:00Z,16,4.0,>=2 MeV
2024-08-19T03:50:00Z,16,4.0,>=2 MeV
2024-08-19T03:55:00Z,16,4.0,>=2 MeV
2024-08-19T04:00:00Z,16,4.0,>=2 MeV
2024-08-19T04:05:00Z,16,4.0,>=2 MeV
2024-08-19T04:10:00Z,16,4.0,>=2 MeV
2024-08-19T04:15:00Z,16,4.0,>=2 MeV
2024-08-19T04:20:00Z,16,4.0,>=2 MeV
2024-08-19T04:25:00Z,16,4.0,>=2 MeV
2024-08-19T04:30:00Z,16,4.0,>=2 MeV
2024-08-19T04:35:00Z,16,4.0,>=2 MeV
2024-08-19T04:40:00Z,16,4.0,>=2 MeV
2024-08-19T04:45:00Z,16,4.0,>=2 MeV
2024-08-19T04:50:00Z,16,4.0,>=2 MeV
2024-08-19T04:55:00Z,16,4.0,>=2 MeV
2024-08-19T05:00:00Z,16,24.5603714,>=2 MeV
2024-08-19T05:05:00Z,16,4.0,>=2 MeV
2024-08-19T05:10:00Z,16,51.93977737,>=2 MeV
2024-08-19T05:15:00Z,16,4.0,>=2 MeV
2024-08-19T05:20:00Z,16,4.0,>=2 MeV
2024-08-19T05:25:00Z,16,4.0,>=2 MeV
2024-08-19T05:30:00Z,16,4.0,>=2 MeV
2024-08-19T05:35:00Z,16,4.0,>=2 MeV
2024-08-19T05:40:00Z,16,4.0,>=2 MeV
2024-08-19T05:45:00Z,16,43.34141541,>=2 MeV
2024-08-19T05:50:00Z,16,4.0,>=2 MeV
2024-08-19T05:55:00Z,16,4.0,>=2 MeV
2024-08-19T06:00:00Z,16,13.84672165,>=2 MeV
2024-08-19T06:05:00Z,16,4.0,>=2 MeV
2024-08-19T06:10:00Z,16,47.05298996,>=2 MeV
2024-08-19T06:15:00Z,16,4.0,>=2 MeV
2024-08-19T06:20:00Z,16,4.0,>=2 MeV
2024-08-19T06:25:00Z,16,4.0,>=2 MeV
2024-08-19T06:30:00Z,16,4.0,>=2 MeV
2024-08-19T06:35:00Z,16,4.0,>=2 MeV
2024-08-19T06:40:00Z,16,4.0,>=2 MeV
2024-08-19T06:45:00Z,16,4.0,>=2 MeV
2024-08-19T06:50:00Z,16,11.58411503,>=2 MeV
2024-08-19T06:55:00Z,16,4.0,>=2 MeV
2024-08-19T07:00:00Z,16,4.0,>=2 MeV
2024-08-19T07:05:00Z,16,77.56999969,>=2 MeV
2024-08-19T07:10:00Z,16,20.4535656,>=2 MeV
2024-08-19T07:15:00Z,16,20.35338211,>=2 MeV
2024-08-19T07:20:00Z,16,4.0,>=2 MeV
2024-08-19T07:25:00Z,16,4.0,>=2 MeV
2024-08-19T07:30:00Z,16,4.0,>=2 MeV
2024-08-19T07:35:00Z,16,4.0,>=2 MeV
2024-08-19T07:40:00Z,16,4.0,>=2 MeV
2024-08-19T07:45:00Z,16,6.955250263,>=2 MeV
2024-08-19T07:50:00Z,16,34.49651337,>=2 MeV
2024-08-19T07:55:00Z,16,4.0,>=2 MeV
2024-08-19T08:00:00Z,16,4.0,>=2 MeV
2024-08-19T08:05:00Z,16,4.0,>=2 MeV
2024-08-19T08:10:00Z,16,4.0,>=2 MeV
2024-08-19T08:15:00Z,16,4.0,>=2 MeV
2024-08-19T08:20:00Z,16,4.0,>=2 MeV
2024-08-19T08:25:00Z,16,4.0,>=2 MeV
2024-08-19T08:30:00Z,16,4.0,>=2 MeV
2024-08-19T08:35:00Z,16,4.0,>=2 MeV
2024-08-19T08:40:00Z,16,20.27859497,>=2 MeV
2024-08-19T08:45:00Z,16,4.0,>=2 MeV
2024-08-19T08:50:00Z,16,4.0,>=2 MeV
2024-08-19T08:55:00Z,16,16.03666687,>=2 MeV
2024-08-19T09:00:00Z,16,4.0,>=2 MeV
2024-08-19T09:05:00Z,16,4.0,>=2 MeV
2024-08-19T09:10:00Z,16,4.0,>=2 MeV
2024-08-19T09:15:00Z,16,4.0,>=2 MeV
2024-08-19T09:20:00Z,16,4.0,>=2 MeV
2024-08-19T09:25:00Z,16,4.0,>=2 MeV
2024-08-19T09:30:00Z,16,11.31125546,>=2 MeV
2024-08-19T09:35:00Z,16,4.0,>=2 MeV
2024-08-19T09:40:00Z,16,4.0,>=2 MeV
2024-08-19T09:45:00Z,16,4.0,>=2 MeV
2024-08-19T09:50:00Z,16,4.0,>=2 MeV
2024-08-19T09:55:00Z,16,4.0,>=2 MeV
2024-08-19T10:00:00Z,16,4.0,>=2 MeV
2024-08-19T10:05:00Z,16,4.0,>=2 MeV
2024-08-19T10:10:00Z,16,4.0,>=2 MeV
2024-08-19T10:15:00Z,16,4.0,>=2 MeV
2024-08-19T10:20:00Z,16,4.0,>=2 MeV
2024-08-19T10:25:00Z,16,4.0,>=2 MeV
2024-08-19T10:30:00Z,16,4.0,>=2 MeV
2024-08-19T10:35:00Z,16,6.950675011,>=2 MeV
2024-08-19T10:40:00Z,16,4.0,>=2 MeV
2024-08-19T10:45:00Z,16,8.921783447,>=2 MeV
2024-08-19T10:50:00Z,16,4.0,>=2 MeV
2024-08-19T10:55:00Z,16,51.51266479,>=2 MeV
2024-08-19T11:00:00Z,16,29.59485817,>=2 MeV
2024-08-19T11:05:00Z,16,46.79559326,>=2 MeV
2024-08-19T11:10:00Z,16,4.0,>=2 MeV
2024-08-19T11:15:00Z,16,4.0,>=2 MeV
2024-08-19T11:20:00Z,16,22.86839294,>=2 MeV
2024-08-19T11:25:00Z,16,4.0,>=2 MeV
2024-08-19T11:30:00Z,16,4.0,>=2 MeV
2024-08-19T11:35:00Z,16,4.0,>=2 MeV
2024-08-19T11:40:00Z,16,4.0,>=2 MeV
2024-08-19T11:45:00Z,16,4.0,>=2 MeV
2024-08-19T11:50:00Z,16,25.28414917,>=2 MeV
2024-08-19T11:55:00Z,16,4.0,>=2 MeV
2024-08-19T12:00:00Z,16,7.748752117,>=2 MeV
2024-08-19T12:05:00Z,16,4.0,>=2 MeV
2024-08-19T12:10:00Z,16,29.06572533,>=2 MeV
2024-08-19T12:15:00Z,16,4.0,>=2 MeV
2024-08-19T12:20:00Z,16,4.0,>=2 MeV
2024-08-19T12:25:00Z,16,11.21342754,>=2 MeV
2024-08-19T12:30:00Z,16,9.661761284,>=2 MeV
2024-08-19T12:35:00Z,16,4.0,>=2 MeV
2024-08-19T12:40:00Z,16,22.25096321,>=2 MeV
2024-08-19T12:45:00Z,16,4.0,>=2 MeV
2024-08-19T12:50:00Z,16,11.61666012,>=2 MeV
2024-08-19T12:55:00Z,16,4.0,>=2 MeV
2024-08-19T13:00:00Z,16,4.0,>=2 MeV
2024-08-19T13:05:00Z,16,4.0,>=2 MeV
2024-08-19T13:10:00Z,16,4.0,>=2 MeV
2024-08-19T13:15:00Z,16,4.0,>=2 MeV
2024-08-19T13:20:00Z,16,4.0,>=2 MeV
2024-08-19T13:25:00Z,16,4.0,>=2 MeV
2024-08-19T13:30:00Z,16,4.0,>=2 MeV
2024-08-19T13:35:00Z,16,4.0,>=2 MeV
2024-08-19T13:40:00Z,16,22.6275177,>=2 MeV
2024-08-19T13:45:00Z,16,4.0,>=2 MeV
2024-08-19T13:50:00Z,16,4.0,>=2 MeV
2024-08-19T13:55:00Z,16,4.0,>=2 MeV
2024-08-19T14:00:00Z,16,76.40751648,>=2 MeV
2024-08-19T14:05:00Z,16,4.0,>=2 MeV
2024-08-19T14:10:00Z,16,4.0,>=2 MeV
2024-08-19T14:15:00Z,16,4.0,>=2 MeV
2024-08-19T14:20:00Z,16,4.0,>=2 MeV
2024-08-19T14:25:00Z,16,4.0,>=2 MeV
2024-08-19T14:30:00Z,16,4.0,>=2 MeV
2024-08-19T14:35:00Z,16,57.85128403,>=2 MeV
2024-08-19T14:40:00Z,16,4.0,>=2 MeV
2024-08-19T14:45:00Z,16,4.0,>=2 MeV
2024-08-19T14:50:00Z,16,4.0,>=2 MeV
2024-08-19T14:55:00Z,16,24.41423797607422,>=2 MeV
2024-08-19T15:00:00Z,16,8.25571060180664,>=2 MeV
2024-08-19T15:05:00Z,16,4.0,>=2 MeV
2024-08-19T15:10:00Z,16,4.0,>=2 MeV
2024-08-19T15:15:00Z,16,4.0,>=2 MeV
2024-08-19T15:20:00Z,16,4.0,>=2 MeV
2024-08-19T15:25:00Z,16,4.0,>=2 MeV
2024-08-19T15:30:00Z,16,4.0,>=2 MeV
2024-08-19T15:35:00Z,16,4.0,>=2 MeV
2024-08-19T15:40:00Z,16,11.710915565490724,>=2 MeV
2024-08-19T15:45:00Z,16,4.0,>=2 MeV
2024-08-19T15:50:00Z,16,49.833683013916016,>=2 MeV
2024-08-19T15:55:00Z,16,4.0,>=2 MeV
2024-08-19T16:00:00Z,16,7.188752174377441,>=2 MeV
2024-08-19T16:05:00Z,16,9.276700019836426,>=2 MeV
2024-08-19T16:10:00Z,16,4.0,>=2 MeV
2024-08-19T16:15:00Z,16,4.0,>=2 MeV
2024-08-19T16:20:00Z,16,4.0,>=2 MeV
2024-08-19T16:25:00Z,16,4.0,>=2 MeV
2024-08-19T16:30:00Z,16,4.0,>=2 MeV
2024-08-19T16:35:00Z,16,4.0,>=2 MeV
2024-08-19T16:40:00Z,16,4.0,>=2 MeV
2024-08-19T16:45:00Z,16,4.0,>=2 MeV
2024-08-19T16:50:00Z,16,5.65442419052124,>=2 MeV
2024-08-19T16:55:00Z,16,4.0,>=2 MeV
2024-08-19T17:00:00Z,16,9.525854110717772,>=2 MeV
2024-08-19T17:05:00Z,16,4.0,>=2 MeV
2024-08-19T17:10:00Z,16,4.363986015319824,>=2 MeV
2024-08-19T17:15:00Z,16,4.0,>=2 MeV
2024-08-19T17:20:00Z,16,4.0,>=2 MeV
2024-08-19T17:25:00Z,16,4.0,>=2 MeV
2024-08-19T17:30:00Z,16,4.0,>=2 MeV
2024-08-19T17:35:00Z,16,35.23360061645508,>=2 MeV
2024-08-19T17:40:00Z,16,4.0,>=2 MeV
2024-08-19T17:45:00Z,16,4.0,>=2 MeV
2024-08-19T17:50:00Z,16,4.0,>=2 MeV
2024-08-19T17:55:00Z,16,11.303327560424805,>=2 MeV
2024-08-19T18:00:00Z,16,4.0,>=2 MeV
2024-08-19T18:05:00Z,16,4.0,>=2 MeV
2024-08-19T18:10:00Z,16,4.0,>=2 MeV
2024-08-19T18:15:00Z,16,4.0,>=2 MeV
2024-08-19T18:20:00Z,16,4.0,>=2 MeV
2024-08-19T18:25:00Z,16,4.0,>=2 MeV
2024-08-19T18:30:00Z,16,4.0,>=2 MeV
2024-08-19T18:35:00Z,16,50.40217590332031,>=2 MeV
2024-08-19T18:40:00Z,16,4.0,>=2 MeV
2024-08-19T18:45:00Z,16,4.0,>=2 MeV
2024-08-19T18:50:00Z,16,4.0,>=2 MeV
2024-08-19T18:55:00Z,16,43.794090270996094,>=2 MeV
2024-08-19T19:00:00Z,16,11.209954261779783,>=2 MeV
2024-08-19T19:05:00Z,16,22.209789276123047,>=2 MeV
2024-08-19T19:10:00Z,16,4.0,>=2 MeV
2024-08-19T19:15:00Z,16,6.710799694061279,>=2 MeV
2024-08-19T19:20:00Z,16,4.0,>=2 MeV
2024-08-19T19:25:00Z,16,4.0,>=2 MeV
2024-08-19T19:30:00Z,16,4.0,>=2 MeV
2024-08-19T19:35:00Z,16,4.0,>=2 MeV
2024-08-19T19:40:00Z,16,4.0,>=2 MeV
2024-08-19T19:45:00Z,16,4.0,>=2 MeV
2024-08-19T19:50:00Z,16,4.0,>=2 MeV
2024-08-19T19:55:00Z,16,19.300500869750977,>=2 MeV
2024-08-19T20:00:00Z,16,4.0,>=2 MeV
2024-08-19T20:05:00Z,16,4.0,>=2 MeV
2024-08-19T20:10:00Z,16,4.0,>=2 MeV
2024-08-19T20:15:00Z,16,4.0,>=2 MeV
2024-08-19T20:20:00Z,16,4.0,>=2 MeV
2024-08-19T20:25:00Z,16,22.202598571777344,>=2 MeV
2024-08-19T20:30:00Z,16,4.0,>=2 MeV
2024-08-19T20:35:00Z,16,4.0,>=2 MeV
2024-08-19T20:40:00Z,16,4.0,>=2 MeV
2024-08-19T20:45:00Z,16,26.410137176513672,>=2 MeV
2024-08-19T20:50:00Z,16,4.0,>=2 MeV
2024-08-19T20:55:00Z,16,4.0,>=2 MeV
2024-08-19T21:00:00Z,16,4.0,>=2 MeV
2024-08-19T21:05:00Z,16,4.0,>=2 MeV
2024-08-19T21:10:00Z,16,4.0,>=2 MeV
2024-08-19T21:15:00Z,16,24.50802993774414,>=2 MeV
2024-08-19T21:20:00Z,16,4.0,>=2 MeV
2024-08-19T21:25:00Z,16,9.682400703430176,>=2 MeV
2024-08-19T21:30:00Z,16,4.0,>=2 MeV
2024-08-19T21:35:00Z,16,4.0,>=2 MeV
2024-08-19T21:40:00Z,16,26.876953125,>=2 MeV
2024-08-19T21:45:00Z,16,16.822845458984375,>=2 MeV
2024-08-19T21:50:00Z,16,41.405643463134766,>=2 MeV
2024-08-19T21:55:00Z,16,4.0,>=2 MeV
2024-08-19T22:00:00Z,16,4.0,>=2 MeV
2024-08-19T22:05:00Z,16,4.0,>=2 MeV
2024-08-19T22:10:00Z,16,4.0,>=2 MeV
2024-08-19T22:15:00Z,16,4.0,>=2 MeV
2024-08-19T22:20:00Z,16,4.0,>=2 MeV
2024-08-19T22:25:00Z,16,4.0,>=2 MeV
2024-08-19T22:30:00Z,16,11.404134750366213,>=2 MeV
2024-08-19T22:35:00Z,16,4.0,>=2 MeV
2024-08-19T22:40:00Z,16,86.30557250976562,>=2 MeV
2024-08-19T22:45:00Z,16,57.72618865966797,>=2 MeV
2024-08-19T22:50:00Z,16,4.0,>=2 MeV
2024-08-19T22:55:00Z,16,4.0,>=2 MeV
2024-08-19T23:00:00Z,16,5.878129482269287,>=2 MeV
2024-08-19T23:05:00Z,16,4.0,>=2 MeV
2024-08-19T23:10:00Z,16,4.123134613037109,>=2 MeV
2024-08-19T23:15:00Z,16,4.0,>=2 MeV
2024-08-19T23:20:00Z,16,13.806879997253418,>=2 MeV
2024-08-19T23:25:00Z,16,4.0,>=2 MeV
2024-08-19T23:30:00Z,16,4.0,>=2 MeV
2024-08-19T23:35:00Z,16,91.84394073486328,>=2 MeV
2024-08-19T23:40:00Z,16,4.0,>=2 MeV
2024-08-19T23:45:00Z,16,4.0,>=2 MeV
2024-08-19T23:50:00Z,16,4.0,>=2 MeV
2024-08-19T23:55:00Z,16,4.0,>=2 MeV
2024-08-20T00:00:00Z,16,4.0,>=2 MeV
2024-08-20T00:05:00Z,16,4.0,>=2 MeV
2024-08-20T00:10:00Z,16,4.0,>=2 MeV
2024-08-20T00:15:00Z,16,4.0,>=2 MeV
2024-08-20T00:20:00Z,16,4.0,>=2 MeV
2024-08-20T00:25:00Z,16,4.0,>=2 MeV
2024-08-20T00:30:00Z,16,4.0,>=2 MeV
2024-08-20T00:35:00Z,16,4.0,>=2 MeV
2024-08-20T00:40:00Z,16,4.0,>=2 MeV
2024-08-20T00:45:00Z,16,4.0,>=2 MeV
2024-08-20T00:50:00Z,16,15.419896125793455,>=2 MeV
2024-08-20T00:55:00Z,16,68.06682586669922,>=2 MeV
2024-08-20T01:00:00Z,16,7.0507493019104,>=2 MeV
2024-08-20T01:05:00Z,16,4.0,>=2 MeV
2024-08-20T01:10:00Z,16,81.88201904296875,>=2 MeV
2024-08-20T01:15:00Z,16,35.49484634399414,>=2 MeV
2024-08-20T01:20:00Z,16,4.0,>=2 MeV
2024-08-20T01:25:00Z,16,4.0,>=2 MeV
2024-08-20T01:30:00Z,16,4.0,>=2 MeV
2024-08-20T01:35:00Z,16,4.0,>=2 MeV
2024-08-20T01:40:00Z,16,4.0,>=2 MeV
2024-08-20T01:45:00Z,16,5.142405986785889,>=2 MeV
2024-08-20T01:50:00Z,16,4.0,>=2 MeV
2024-08-20T01:55:00Z,16,4.0,>=2 MeV
2024-08-20T02:00:00Z,16,42.3027229309082,>=2 MeV
2024-08-20T02:05:00Z,16,4.0,>=2 MeV
2024-08-20T02:10:00Z,16,4.0,>=2 MeV
2024-08-20T02:15:00Z,16,4.0,>=2 MeV
2024-08-20T02:20:00Z,16,4.0,>=2 MeV
2024-08-20T02:25:00Z,16,34.07745742797852,>=2 MeV
2024-08-20T02:30:00Z,16,4.0,>=2 MeV
2024-08-20T02:35:00Z,16,4.0,>=2 MeV
2024-08-20T02:40:00Z,16,4.0,>=2 MeV
2024-08-20T02:45:00Z,16,4.0,>=2 MeV
2024-08-20T02:50:00Z,16,4.0,>=2 MeV
2024-08-20T02:55:00Z,16,7.698983192443848,>=2 MeV
2024-08-20T03:00:00Z,16,9.11870288848877,>=2 MeV
2024-08-20T03:05:00Z,16,4.0,>=2 MeV
2024-08-20T03:10:00Z,16,4.0,>=2 MeV
2024-08-20T03:15:00Z,16,4.0,>=2 MeV
2024-08-20T03:20:00Z,16,4.0,>=2 MeV
2024-08-20T03:25:00Z,16,4.0,>=2 MeV
2024-08-20T03:30:00Z,16,44.2896728515625,>=2 MeV
2024-08-20T03:35:00Z,16,4.0,>=2 MeV
2024-08-20T03:40:00Z,16,4.0,>=2 MeV
2024-08-20T03:45:00Z,16,4.0,>=2 MeV
2024-08-20T03:50:00Z,16,55.4530143737793,>=2 MeV
2024-08-20T03:55:00Z,16,4.0,>=2 MeV
2024-08-20T04:00:00Z,16,4.0,>=2 MeV
2024-08-20T04:05:00Z,16,4.0,>=2 MeV
2024-08-20T04:10:00Z,16,4.0,>=2 MeV
2024-08-20T04:15:00Z,16,4.0,>=2 MeV
2024-08-20T04:20:00Z,16,4.0,>=2 MeV
2024-08-20T04:25:00Z,16,4.0,>=2 MeV
2024-08-20T04:30:00Z,16,4.0,>=2 MeV
2024-08-20T04:35:00Z,16,4.0,>=2 MeV
2024-08-20T04:40:00Z,16,4.0,>=2 MeV
2024-08-20T04:45:00Z,16,4.0,>=2 MeV
2024-08-20T04:50:00Z,16,13.488701820373535,>=2 MeV
2024-08-20T04:55:00Z,16,22.440732955932617,>=2 MeV
2024-08-20T05:00:00Z,16,4.0,>=2 MeV
2024-08-20T05:05:00Z,16,4.0,>=2 MeV
2024-08-20T05:10:00Z,16,58.59437942504883,>=2 MeV
2024-08-20T05:15:00Z,16,4.0,>=2 MeV
2024-08-20T05:20:00Z,16,4.0,>=2 MeV
2024-08-20T05:25:00Z,16,4.0,>=2 MeV
2024-08-20T05:30:00Z,16,46.158599853515625,>=2 MeV
2024-08-20T05:35:00Z,16,30.85533905029297,>=2 MeV
2024-08-20T05:40:00Z,16,4.0,>=2 MeV
2024-08-20T05:45:00Z,16,4.0,>=2 MeV
2024-08-20T05:50:00Z,16,4.0,>=2 MeV
2024-08-20T05:55:00Z,16,4.0,>=2 MeV
2024-08-20T06:00:00Z,16,4.0,>=2 MeV
2024-08-20T06:05:00Z,16,4.0,>=2 MeV
2024-08-20T06:10:00Z,16,4.0,>=2 MeV
2024-08-20T06:15:00Z,16,4.0,>=2 MeV
2024-08-20T06:20:00Z,16,4.0,>=2 MeV
2024-08-20T06:25:00Z,16,4.0,>=2 MeV
2024-08-20T06:30:00Z,16,4.0,>=2 MeV
2024-08-20T06:35:00Z,16,4.0,>=2 MeV
2024-08-20T06:40:00Z,16,4.0,>=2 MeV
2024-08-20T06:45:00Z,16,4.0,>=2 MeV
2024-08-20T06:50:00Z,16,4.0,>=2 MeV
2024-08-20T06:55:00Z,16,4.0,>=2 MeV
2024-08-20T07:00:00Z,16,4.0,>=2 MeV
2024-08-20T07:05:00Z,16,4.0,>=2 MeV
2024-08-20T07:10:00Z,16,4.0,>=2 MeV
2024-08-20T07:15:00Z,16,4.0,>=2 MeV
2024-08-20T07:20:00Z,16,4.0,>=2 MeV
2024-08-20T07:25:00Z,16,4.0,>=2 MeV
2024-08-20T07:30:00Z,16,4.0,>=2 MeV
2024-08-20T07:35:00Z,16,4.0,>=2 MeV
2024-08-20T07:40:00Z,16,4.0,>=2 MeV
2024-08-20T07:45:00Z,16,4.0,>=2 MeV
2024-08-20T07:50:00Z,16,4.0,>=2 MeV
2024-08-20T07:55:00Z,16,4.0,>=2 MeV
2024-08-20T08:00:00Z,16,4.0,>=2 MeV
2024-08-20T08:05:00Z,16,4.0,>=2 MeV
2024-08-20T08:10:00Z,16,4.0,>=2 MeV
2024-08-20T08:15:00Z,16,4.0,>=2 MeV
2024-08-20T08:20:00Z,16,8.50390625,>=2 MeV
2024-08-20T08:25:00Z,16,4.0,>=2 MeV
2024-08-20T08:30:00Z,16,4.900609493255615,>=2 MeV
2024-08-20T08:35:00Z,16,4.0,>=2 MeV
2024-08-20T08:40:00Z,16,4.0,>=2 MeV
2024-08-20T08:45:00Z,16,4.0,>=2 MeV
2024-08-20T08:50:00Z,16,4.0,>=2 MeV
2024-08-20T08:55:00Z,16,18.091352462768555,>=2 MeV
2024-08-20T09:00:00Z,16,42.52056503295898,>=2 MeV
2024-08-20T09:05:00Z,16,4.0,>=2 MeV
2024-08-20T09:10:00Z,16,4.0,>=2 MeV
2024-08-20T09:15:00Z,16,11.786455154418944,>=2 MeV
2024-08-20T09:20:00Z,16,4.0,>=2 MeV
2024-08-20T09:25:00Z,16,4.0,>=2 MeV
2024-08-20T09:30:00Z,16,63.38380813598633,>=2 MeV
2024-08-20T09:35:00Z,16,4.0,>=2 MeV
2024-08-20T09:40:00Z,16,4.0,>=2 MeV
2024-08-20T09:45:00Z,16,4.0,>=2 MeV
2024-08-20T09:50:00Z,16,4.0,>=2 MeV
2024-08-20T09:55:00Z,16,4.0,>=2 MeV
2024-08-20T10:00:00Z,16,4.0,>=2 MeV
2024-08-20T10:05:00Z,16,4.0,>=2 MeV
2024-08-20T10:10:00Z,16,28.025135040283203,>=2 MeV
2024-08-20T10:15:00Z,16,4.0,>=2 MeV
2024-08-20T10:20:00Z,16,4.0,>=2 MeV
2024-08-20T10:25:00Z,16,4.0,>=2 MeV
2024-08-20T10:30:00Z,16,4.0,>=2 MeV
2024-08-20T10:35:00Z,16,4.0,>=2 MeV
2024-08-20T10:40:00Z,16,4.0,>=2 MeV
2024-08-20T10:45:00Z,16,4.0,>=2 MeV
2024-08-20T10:50:00Z,16,4.0,>=2 MeV
2024-08-20T10:55:00Z,16,4.0,>=2 MeV
2024-08-20T11:00:00Z,16,27.91367721557617,>=2 MeV
2024-08-20T11:05:00Z,16,4.0,>=2 MeV
2024-08-20T11:10:00Z,16,77.0489730834961,>=2 MeV
2024-08-20T11:15:00Z,16,4.0,>=2 MeV
2024-08-20T11:20:00Z,16,4.0,>=2 MeV
2024-08-20T11:25:00Z,16,4.0,>=2 MeV
2024-08-20T11:30:00Z,16,36.57976913452149,>=2 MeV
2024-08-20T11:35:00Z,16,4.0,>=2 MeV
2024-08-20T11:40:00Z,16,4.0,>=2 MeV
2024-08-20T11:45:00Z,16,4.0,>=2 MeV
2024-08-20T11:50:00Z,16,4.0,>=2 MeV
2024-08-20T11:55:00Z,16,4.0,>=2 MeV
2024-08-20T12:00:00Z,16,69.04525756835938,>=2 MeV
2024-08-20T12:05:00Z,16,4.0,>=2 MeV
2024-08-20T12:10:00Z,16,4.0,>=2 MeV
2024-08-20T12:15:00Z,16,4.0,>=2 MeV
2024-08-20T12:20:00Z,16,4.0,>=2 MeV
2024-08-20T12:25:00Z,16,70.88028717041016,>=2 MeV
2024-08-20T12:30:00Z,16,4.0,>=2 MeV
2024-08-20T12:35:00Z,16,4.143217086791992,>=2 MeV
2024-08-20T12:40:00Z,16,4.0,>=2 MeV
2024-08-20T12:45:00Z,16,4.0,>=2 MeV
2024-08-20T12:50:00Z,16,4.0,>=2 MeV
2024-08-20T12:55:00Z,16,13.536985397338867,>=2 MeV
2024-08-20T13:00:00Z,16,4.0,>=2 MeV
2024-08-20T13:05:00Z,16,5.816341876983643,>=2 MeV
2024-08-20T13:10:00Z,16,4.0,>=2 MeV
2024-08-20T13:15:00Z,16,4.0,>=2 MeV
2024-08-20T13:20:00Z,16,13.844914436340332,>=2 MeV
2024-08-20T13:25:00Z,16,11.904644012451172,>=2 MeV
2024-08-20T13:30:00Z,16,19.193618774414062,>=2 MeV
2024-08-20T13:35:00Z,16,4.0,>=2 MeV
2024-08-20T13:40:00Z,16,4.0,>=2 MeV
2024-08-20T13:45:00Z,16,22.97271728515625,>=2 MeV
2024-08-20T13:50:00Z,16,22.70786476135254,>=2 MeV
2024-08-20T13:55:00Z,16,4.0,>=2 MeV
2024-08-20T14:00:00Z,16,4.0,>=2 MeV
2024-08-20T14:05:00Z,16,4.0,>=2 MeV
2024-08-20T14:10:00Z,16,52.6918830871582,>=2 MeV
2024-08-20T14:15:00Z,16,5.770483493804932,>=2 MeV
2024-08-20T14:20:00Z,16,4.0,>=2 MeV
2024-08-20T14:25:00Z,16,4.0,>=2 MeV
2024-08-20T14:30:00Z,16,64.56248474121094,>=2 MeV
2024-08-20T14:35:00Z,16,4.0,>=2 MeV
2024-08-20T14:40:00Z,16,4.0,>=2 MeV
2024-08-20T14:45:00Z,16,4.0,>=2 MeV
2024-08-20T14:50:00Z,16,23.4435977935791,>=2 MeV
2024-08-20T14:55:00Z,16,19.52339172363281,>=2 MeV
2024-08-20T15:00:00Z,16,4.0,>=2 MeV
2024-08-20T15:05:00Z,16,4.0,>=2 MeV
2024-08-20T15:10:00Z,16,4.0,>=2 MeV
2024-08-20T15:15:00Z,16,4.0,>=2 MeV
2024-08-20T15:20:00Z,16,4.0,>=2 MeV
2024-08-20T15:25:00Z,16,5.733858108520508,>=2 MeV
2024-08-20T15:30:00Z,16,4.893596649169922,>=2 MeV
2024-08-20T15:35:00Z,16,4.0,>=2 MeV
2024-08-20T15:40:00Z,16,4.0,>=2 MeV
2024-08-20T15:45:00Z,16,25.795225143432617,>=2 MeV
2024-08-20T15:50:00Z,16,25.2114315032959,>=2 MeV
2024-08-20T15:55:00Z,16,4.0,>=2 MeV
2024-08-20T16:00:00Z,16,4.0,>=2 MeV
2024-08-20T16:05:00Z,16,4.0,>=2 MeV
2024-08-20T16:10:00Z,16,4.0,>=2 MeV
2024-08-20T16:15:00Z,16,4.0,>=2 MeV
2024-08-20T16:20:00Z,16,4.0,>=2 MeV
2024-08-20T16:25:00Z,16,4.0,>=2 MeV
2024-08-20T16:30:00Z,16,4.0,>=2 MeV
2024-08-20T16:35:00Z,16,4.0,>=2 MeV
2024-08-20T16:40:00Z,16,81.64144134521484,>=2 MeV
2024-08-20T16:45:00Z,16,71.90364074707031,>=2 MeV
2024-08-20T16:50:00Z,16,45.00298690795898,>=2 MeV
2024-08-20T16:55:00Z,16,4.0,>=2 MeV
2024-08-20T17:00:00Z,16,4.0,>=2 MeV
2024-08-20T17:05:00Z,16,4.0,>=2 MeV
2024-08-20T17:10:00Z,16,4.0,>=2 MeV
2024-08-20T17:15:00Z,16,57.00133895874024,>=2 MeV
2024-08-20T17:20:00Z,16,62.410926818847656,>=2 MeV
2024-08-20T17:25:00Z,16,49.290313720703125,>=2 MeV
2024-08-20T17:30:00Z,16,18.95793533325196,>=2 MeV
2024-08-20T17:35:00Z,16,4.0,>=2 MeV
2024-08-20T17:40:00Z,16,4.0,>=2 MeV
2024-08-20T17:45:00Z,16,4.0,>=2 MeV
2024-08-20T17:50:00Z,16,4.0,>=2 MeV
2024-08-20T17:55:00Z,16,70.32466888427734,>=2 MeV
2024-08-20T18:00:00Z,16,4.0,>=2 MeV
2024-08-20T18:05:00Z,16,4.0,>=2 MeV
2024-08-20T18:10:00Z,16,4.0,>=2 MeV
2024-08-20T18:15:00Z,16,4.0,>=2 MeV
2024-08-20T18:20:00Z,16,4.0,>=2 MeV
2024-08-20T18:25:00Z,16,4.0,>=2 MeV
2024-08-20T18:30:00Z,16,4.0,>=2 MeV
2024-08-20T18:35:00Z,16,27.433082580566406,>=2 MeV
2024-08-20T18:40:00Z,16,4.0,>=2 MeV
2024-08-20T18:45:00Z,16,4.0,>=2 MeV
2024-08-20T18:50:00Z,16,4.0,>=2 MeV
2024-08-20T18:55:00Z,16,4.0,>=2 MeV
2024-08-20T19:00:00Z,16,4.0,>=2 MeV
2024-08-20T19:05:00Z,16,4.0,>=2 MeV
2024-08-20T19:10:00Z,16,67.41454315185547,>=2 MeV
2024-08-20T19:15:00Z,16,4.0,>=2 MeV
2024-08-20T19:20:00Z,16,56.250335693359375,>=2 MeV
2024-08-20T19:25:00Z,16,15.833516120910645,>=2 MeV
2024-08-20T19:30:00Z,16,4.0,>=2 MeV
2024-08-20T19:35:00Z,16,4.0,>=2 MeV
2024-08-20T19:40:00Z,16,4.0,>=2 MeV
2024-08-20T19:45:00Z,16,4.0,>=2 MeV
2024-08-20T19:50:00Z,16,9.25969123840332,>=2 MeV
2024-08-20T19:55:00Z,16,28.614164352416992,>=2 MeV
2024-08-20T20:00:00Z,16,4.0,>=2 MeV
2024-08-20T20:05:00Z,16,4.0,>=2 MeV
2024-08-20T20:10:00Z,16,4.0,>=2 MeV
2024-08-20T20:15:00Z,16,4.0,>=2 MeV
2024-08-20T20:20:00Z,16,4.0,>=2 MeV
2024-08-20T20:25:00Z,16,29.220903396606445,>=2 MeV
2024-08-20T20:30:00Z,16,4.0,>=2 MeV
2024-08-20T20:35:00Z,16,14.253764152526855,>=2 MeV
2024-08-20T20:40:00Z,16,4.0,>=2 MeV
2024-08-20T20:45:00Z,16,4.0,>=2 MeV
2024-08-20T20:50:00Z,16,58.1358528137207,>=2 MeV
2024-08-20T20:55:00Z,16,4.0,>=2 MeV
2024-08-20T21:00:00Z,16,81.52432250976562,>=2 MeV
2024-08-20T21:05:00Z,16,4.0,>=2 MeV
2024-08-20T21:10:00Z,16,4.0,>=2 MeV
2024-08-20T21:15:00Z,16,4.0,>=2 MeV
2024-08-20T21:20:00Z,16,27.456586837768555,>=2 MeV
2024-08-20T21:25:00Z,16,84.96824645996094,>=2 MeV
2024-08-20T21:30:00Z,16,15.932894706726074,>=2 MeV
2024-08-20T21:35:00Z,16,134.07667541503906,>=2 MeV
2024-08-20T21:40:00Z,16,32.182132720947266,>=2 MeV
2024-08-20T21:45:00Z,16,4.0,>=2 MeV
2024-08-20T21:50:00Z,16,4.0,>=2 MeV
2024-08-20T21:55:00Z,16,4.0,>=2 MeV
2024-08-20T22:00:00Z,16,60.22901916503906,>=2 MeV
2024-08-20T22:05:00Z,16,4.0,>=2 MeV
2024-08-20T22:10:00Z,16,125.48809051513672,>=2 MeV
2024-08-20T22:15:00Z,16,56.344573974609375,>=2 MeV
2024-08-20T22:20:00Z,16,4.0,>=2 MeV
2024-08-20T22:25:00Z,16,20.540979385375977,>=2 MeV
2024-08-20T22:30:00Z,16,4.0,>=2 MeV
2024-08-20T22:35:00Z,16,4.0,>=2 MeV
2024-08-20T22:40:00Z,16,4.0,>=2 MeV
2024-08-20T22:45:00Z,16,4.0,>=2 MeV
2024-08-20T22:50:00Z,16,4.0,>=2 MeV
2024-08-20T22:55:00Z,16,4.0,>=2 MeV
2024-08-20T23:00:00Z,16,9.29141330718994,>=2 MeV
2024-08-20T23:05:00Z,16,55.953346252441406,>=2 MeV
2024-08-20T23:10:00Z,16,4.0,>=2 MeV
2024-08-20T23:15:00Z,16,6.4263529777526855,>=2 MeV
2024-08-20T23:20:00Z,16,15.766600608825684,>=2 MeV
2024-08-20T23:25:00Z,16,31.57976150512696,>=2 MeV
2024-08-20T23:30:00Z,16,4.0,>=2 MeV
2024-08-20T23:35:00Z,16,4.0,>=2 MeV
2024-08-20T23:40:00Z,16,4.0,>=2 MeV
2024-08-20T23:45:00Z,16,4.0,>=2 MeV
2024-08-20T23:50:00Z,16,64.34732818603516,>=2 MeV
2024-08-20T23:55:00Z,16,38.27853393554688,>=2 MeV
2024-08-21T00:00:00Z,16,4.0,>=2 MeV
2024-08-21T00:05:00Z,16,4.0,>=2 MeV
2024-08-21T00:10:00Z,16,9.252513885498049,>=2 MeV
2024-08-21T00:15:00Z,16,6.352310180664063,>=2 MeV
2024-08-21T00:20:00Z,16,4.0,>=2 MeV
2024-08-21T00:25:00Z,16,4.0,>=2 MeV
2024-08-21T00:30:00Z,16,4.0,>=2 MeV
2024-08-21T00:35:00Z,16,21.504404067993164,>=2 MeV
2024-08-21T00:40:00Z,16,15.92200756072998,>=2 MeV
2024-08-21T00:45:00Z,16,26.994121551513672,>=2 MeV
2024-08-21T00:50:00Z,16,4.0,>=2 MeV
2024-08-21T00:55:00Z,16,4.0,>=2 MeV
2024-08-21T01:00:00Z,16,9.156472206115724,>=2 MeV
2024-08-21T01:05:00Z,16,101.06795501708984,>=2 MeV
2024-08-21T01:10:00Z,16,23.217737197875977,>=2 MeV
2024-08-21T01:15:00Z,16,34.260009765625,>=2 MeV
2024-08-21T01:20:00Z,16,70.38511657714844,>=2 MeV
2024-08-21T01:25:00Z,16,4.0,>=2 MeV
2024-08-21T01:30:00Z,16,12.322914123535156,>=2 MeV
2024-08-21T01:35:00Z,16,5.078494548797607,>=2 MeV
2024-08-21T01:40:00Z,16,32.53350067138672,>=2 MeV
2024-08-21T01:45:00Z,16,4.0,>=2 MeV
2024-08-21T01:50:00Z,16,4.0,>=2 MeV
2024-08-21T01:55:00Z,16,4.0,>=2 MeV
2024-08-21T02:00:00Z,16,4.0,>=2 MeV
2024-08-21T02:05:00Z,16,4.0,>=2 MeV
2024-08-21T02:10:00Z,16,4.0,>=2 MeV
2024-08-21T02:15:00Z,16,4.0,>=2 MeV
2024-08-21T02:20:00Z,16,4.0,>=2 MeV
2024-08-21T02:25:00Z,16,14.18324089050293,>=2 MeV
2024-08-21T02:30:00Z,16,77.1351089477539,>=2 MeV
2024-08-21T02:35:00Z,16,4.0,>=2 MeV
2024-08-21T02:40:00Z,16,85.35358428955078,>=2 MeV
2024-08-21T02:45:00Z,16,4.0,>=2 MeV
2024-08-21T02:50:00Z,16,4.0,>=2 MeV
2024-08-21T02:55:00Z,16,40.87457275390625,>=2 MeV
2024-08-21T03:00:00Z,16,4.0,>=2 MeV
2024-08-21T03:05:00Z,16,72.20404815673828,>=2 MeV
2024-08-21T03:10:00Z,16,4.0,>=2 MeV
2024-08-21T03:15:00Z,16,4.0,>=2 MeV
2024-08-21T03:20:00Z,16,5.059222221374512,>=2 MeV
2024-08-21T03:25:00Z,16,4.0,>=2 MeV
2024-08-21T03:30:00Z,16,4.0,>=2 MeV
2024-08-21T03:35:00Z,16,7.709407329559326,>=2 MeV
2024-08-21T03:40:00Z,16,4.0,>=2 MeV
2024-08-21T03:45:00Z,16,66.73440551757812,>=2 MeV
2024-08-21T03:50:00Z,16,4.0,>=2 MeV
2024-08-21T03:55:00Z,16,4.0,>=2 MeV
2024-08-21T04:00:00Z,16,4.0,>=2 MeV
2024-08-21T04:05:00Z,16,4.0,>=2 MeV
2024-08-21T04:10:00Z,16,4.0,>=2 MeV
2024-08-21T04:15:00Z,16,4.0,>=2 MeV
2024-08-21T04:20:00Z,16,4.0,>=2 MeV
2024-08-21T04:25:00Z,16,4.0,>=2 MeV
2024-08-21T04:30:00Z,16,20.43850517272949,>=2 MeV
2024-08-21T04:35:00Z,16,4.0,>=2 MeV
2024-08-21T04:40:00Z,16,15.76002311706543,>=2 MeV
2024-08-21T04:45:00Z,16,4.0,>=2 MeV
2024-08-21T04:50:00Z,16,4.0,>=2 MeV
2024-08-21T04:55:00Z,16,7.393362998962402,>=2 MeV
2024-08-21T05:00:00Z,16,4.0,>=2 MeV
2024-08-21T05:05:00Z,16,20.64373588562012,>=2 MeV
2024-08-21T05:10:00Z,16,4.0,>=2 MeV
2024-08-21T05:15:00Z,16,4.0,>=2 MeV
2024-08-21T05:20:00Z,16,4.0,>=2 MeV
2024-08-21T05:25:00Z,16,4.0,>=2 MeV
2024-08-21T05:30:00Z,16,4.0,>=2 MeV
2024-08-21T05:35:00Z,16,4.0,>=2 MeV
2024-08-21T05:40:00Z,16,68.98857879638672,>=2 MeV
2024-08-21T05:45:00Z,16,4.0,>=2 MeV
2024-08-21T05:50:00Z,16,4.0,>=2 MeV
2024-08-21T05:55:00Z,16,4.0,>=2 MeV
2024-08-21T06:00:00Z,16,4.0,>=2 MeV
2024-08-21T06:05:00Z,16,4.0,>=2 MeV
2024-08-21T06:10:00Z,16,4.0,>=2 MeV
2024-08-21T06:15:00Z,16,47.10006332397461,>=2 MeV
2024-08-21T06:20:00Z,16,4.0,>=2 MeV
2024-08-21T06:25:00Z,16,4.0,>=2 MeV
2024-08-21T06:30:00Z,16,4.0,>=2 MeV
2024-08-21T06:35:00Z,16,4.0,>=2 MeV
2024-08-21T06:40:00Z,16,19.140111923217773,>=2 MeV
2024-08-21T06:45:00Z,16,6.633119583129883,>=2 MeV
2024-08-21T06:50:00Z,16,4.0,>=2 MeV
2024-08-21T06:55:00Z,16,4.0,>=2 MeV
2024-08-21T07:00:00Z,16,4.119146823883057,>=2 MeV
2024-08-21T07:05:00Z,16,29.14124870300293,>=2 MeV
2024-08-21T07:10:00Z,16,4.0,>=2 MeV
2024-08-21T07:15:00Z,16,4.0,>=2 MeV
2024-08-21T07:20:00Z,16,4.0,>=2 MeV
2024-08-21T07:25:00Z,16,4.0,>=2 MeV
2024-08-21T07:30:00Z,16,4.0,>=2 MeV
2024-08-21T07:35:00Z,16,4.0,>=2 MeV
2024-08-21T07:40:00Z,16,4.0,>=2 MeV
2024-08-21T07:45:00Z,16,4.0,>=2 MeV
2024-08-21T07:50:00Z,16,35.82823181152344,>=2 MeV
2024-08-21T07:55:00Z,16,4.0,>=2 MeV
2024-08-21T08:00:00Z,16,4.0,>=2 MeV
2024-08-21T08:05:00Z,16,4.0,>=2 MeV
2024-08-21T08:10:00Z,16,4.0,>=2 MeV
2024-08-21T08:15:00Z,16,4.0,>=2 MeV
2024-08-21T08:20:00Z,16,4.0,>=2 MeV
2024-08-21T08:25:00Z,16,4.0,>=2 MeV
2024-08-21T08:30:00Z,16,35.16522979736328,>=2 MeV
2024-08-21T08:35:00Z,16,22.201051712036133,>=2 MeV
2024-08-21T08:40:00Z,16,4.0,>=2 MeV
2024-08-21T08:45:00Z,16,42.170894622802734,>=2 MeV
2024-08-21T08:50:00Z,16,4.0,>=2 MeV
2024-08-21T08:55:00Z,16,4.0,>=2 MeV
2024-08-21T09:00:00Z,16,4.0,>=2 MeV
2024-08-21T09:05:00Z,16,4.6062211990356445,>=2 MeV
2024-08-21T09:10:00Z,16,4.0,>=2 MeV
2024-08-21T09:15:00Z,16,64.7984619140625,>=2 MeV
2024-08-21T09:20:00Z,16,4.0,>=2 MeV
2024-08-21T09:25:00Z,16,4.0,>=2 MeV
2024-08-21T09:30:00Z,16,4.0,>=2 MeV
2024-08-21T09:35:00Z,16,4.0,>=2 MeV
2024-08-21T09:40:00Z,16,21.462358474731445,>=2 MeV
2024-08-21T09:45:00Z,16,4.0,>=2 MeV
2024-08-21T09:50:00Z,16,4.0,>=2 MeV
2024-08-21T09:55:00Z,16,4.0,>=2 MeV
2024-08-21T10:00:00Z,16,4.0,>=2 MeV
2024-08-21T10:05:00Z,16,4.0,>=2 MeV
2024-08-21T10:10:00Z,16,4.0,>=2 MeV
2024-08-21T10:15:00Z,16,4.0,>=2 MeV
2024-08-21T10:20:00Z,16,4.0,>=2 MeV
2024-08-21T10:25:00Z,16,4.0,>=2 MeV
2024-08-21T10:30:00Z,16,4.0,>=2 MeV
2024-08-21T10:35:00Z,16,4.0,>=2 MeV
2024-08-21T10:40:00Z,16,4.0,>=2 MeV
2024-08-21T10:45:00Z,16,4.0,>=2 MeV
2024-08-21T10:50:00Z,16,4.0,>=2 MeV
2024-08-21T10:55:00Z,16,23.00445938110352,>=2 MeV
2024-08-21T11:00:00Z,16,4.0,>=2 MeV
2024-08-21T11:05:00Z,16,6.636364936828613,>=2 MeV
2024-08-21T11:10:00Z,16,4.0,>=2 MeV
2024-08-21T11:15:00Z,16,4.0,>=2 MeV
2024-08-21T11:20:00Z,16,4.0,>=2 MeV
2024-08-21T11:25:00Z,16,4.0,>=2 MeV
2024-08-21T11:30:00Z,16,4.0,>=2 MeV
2024-08-21T11:35:00Z,16,4.0,>=2 MeV
2024-08-21T11:40:00Z,16,4.0,>=2 MeV
2024-08-21T11:45:00Z,16,4.0,>=2 MeV
2024-08-21T11:50:00Z,16,4.0,>=2 MeV
2024-08-21T11:55:00Z,16,4.0,>=2 MeV
2024-08-21T12:00:00Z,16,4.0,>=2 MeV
2024-08-21T12:05:00Z,16,4.0,>=2 MeV
2024-08-21T12:10:00Z,16,4.0,>=2 MeV
2024-08-21T12:15:00Z,16,4.0,>=2 MeV
